<?xml version="1.0"?>
<Session>
	<CurrentProfile>0</CurrentProfile>
	<Profiles>
		<Profile>
			<Exists>true</Exists>
			<Finished>false</Finished>
			<TimePlayed>20867.1</TimePlayed>
			<MaxDepth>871</MaxDepth>
			<TotalExperience>16413</TotalExperience>
			<TotalOrbs>126</TotalOrbs>
			<NrDeaths>28</NrDeaths>
		</Profile>
		<Profile>
			<Exists>false</Exists>
			<Finished>false</Finished>
			<TimePlayed>0</TimePlayed>
			<MaxDepth>0</MaxDepth>
			<TotalExperience>0</TotalExperience>
			<TotalOrbs>0</TotalOrbs>
			<NrDeaths>0</NrDeaths>
		</Profile>
		<Profile>
			<Exists>false</Exists>
			<Finished>false</Finished>
			<TimePlayed>0</TimePlayed>
			<MaxDepth>0</MaxDepth>
			<TotalExperience>0</TotalExperience>
			<TotalOrbs>0</TotalOrbs>
			<NrDeaths>0</NrDeaths>
		</Profile>
	</Profiles>
</Session>
