achievement0,2
item5,1
item10,1
item12,1
item15,1
item56,1
item59,1
item80,1
item2,1
item4,1
item8,1
item27,1
item30,1
item32,1
item40,1
mons0,1
mons7,1
achievement1,2
item7,1
item9,1
item25,1
item31,1
item39,1
item90,1
achievement4,2
achievement6,2
achievement45,2
record_bosses,5
item1,1
item3,1
item6,1
item13,1
item14,1
item23,1
item34,1
item52,1
item54,1
item61,1
item63,1
item84,1
item87,1
arch_enemy_list,"oBoss2Clone,1,oSpider,1,oJelly,1,,0,oBison,1,"
artifact7,1
achievement5,2
achievement8,2
achievement9,2
achievement29,2
achievement38,2
achievement40,2
achievement42,2
achievement44,2
achievement52,2
record_level,18
record_time,3780
record_kills,725
record_item,43
record_gold,56715
record_chest,42
record_points,292956
record_kills_points,154650
record_bosses_points,3426
item0,1
item21,1
item26,1
item28,1
item29,1
item35,1
item37,1
item53,1
item83,1
item89,1
item105,1
general_stats[0],9444
general_stats[1],4
general_stats[2],1436
general_stats[3],15
general_stats[4],72988
general_stats[5],411682.601135
record_char[1],4
achievement_progress14,6
achievement_progress15,0
achievement_progress16,0
achievement_progress20,2
achievement_progress23,17
achievement_progress33,0
achievement_progress35,4
achievement_progress41,0
achievement_progress47,1
achievement_progress48,0
achievement_progress50,0
achievement_progress53,0
record_char[3],1
item24,1
use_list,"oBomb,1,oMinefield,636,oJarSouls,89,oMirror,357,oRepairKit,192,,0,"
trophy_stats[0],18
trophy_stats[1],3780
trophy_stats[2],5
trophy_stats[3],12
trophy_stats[4],14960
trophy_stats[5],8
trophy_stats[6],4
trophy_stats[7],7
trophy_stats[8],43
trophy_stats[9],3
trophy_stats[10],6
trophy_stats[11],0
trophy_stats[12],242
