﻿<GiftSetting major_version="1" minor_version="0">
<!--
▓▓▓▓▓▓▓▓▓▓▓▓▓▓▓▓▓▓▓▓▓▓▓▓▓▓▓▓▓▓▓▓▓▓▓▓▓▓▓▓▓▓▓▓▓▓▓▓▓▓▓▓▓▓▓▓▓▓▓▓▓▓▓▓▓▓▓
▓   CUSTOM DLC
▓▓▓▓▓▓▓▓▓▓▓▓▓▓▓▓▓▓▓▓▓▓▓▓▓▓▓▓▓▓▓▓▓▓▓▓▓▓▓▓▓▓▓▓▓▓▓▓▓▓▓▓▓▓▓▓▓▓▓▓▓▓▓▓▓▓▓
▓
▓   @author: Roah Nosh
▓   @twitter: @DEADCHANNEL_
▓   @version: v9
▓
▓   @OPSAgentMayo: Check my Freedom Wars mod here:
▓
▓   https://bitbucket.org/roahN/opsagentmayo
▓
▓▓▓▓▓▓▓▓▓▓▓▓▓▓▓▓▓▓▓▓▓▓▓▓▓▓▓▓▓▓▓▓▓▓▓▓▓▓▓▓▓▓▓▓▓▓▓▓▓▓▓▓▓▓▓▓▓▓▓▓▓▓▓▓▓▓▓-->

<!--
▓▓▓▓▓▓▓▓▓▓▓▓▓▓▓▓▓▓▓▓▓▓▓▓▓▓▓▓▓▓▓▓▓▓▓▓▓▓▓▓▓▓▓▓▓▓▓▓▓▓▓▓▓▓▓▓▓▓▓▓▓▓▓▓▓▓▓
▓   This is a sample section
▓▓▓▓▓▓▓▓▓▓▓▓▓▓▓▓▓▓▓▓▓▓▓▓▓▓▓▓▓▓▓▓▓▓▓▓▓▓▓▓▓▓▓▓▓▓▓▓▓▓▓▓▓▓▓▓▓▓▓▓▓▓▓▓▓▓▓
▓
▓   - LVL10R8 Azoth (x12 PowerXL)
▓
▓▓▓▓▓▓▓▓▓▓▓▓▓▓▓▓▓▓▓▓▓▓▓▓▓▓▓▓▓▓▓▓▓▓▓▓▓▓▓▓▓▓▓▓▓▓▓▓▓▓▓▓▓▓▓▓▓▓▓▓▓▓▓▓▓▓▓-->

<MainWeapon id="WS1_0034" level="10" rarity="9"><Effector id="3"/><Effector id="3"/><Effector id="3"/><Effector id="3"/><Effector id="3"/><Effector id="3"/><Effector id="3"/><Effector id="3"/><Effector id="3"/><Effector id="3"/><Effector id="3"/><Effector id="3"/></MainWeapon>

<!--
▓▓▓▓▓▓▓▓▓▓▓▓▓▓▓▓▓▓▓▓▓▓▓▓▓▓▓▓▓▓▓▓▓▓▓▓▓▓▓▓▓▓▓▓▓▓▓▓▓▓▓▓▓▓▓▓▓▓▓▓▓▓▓▓▓▓▓
▓   CITIZENS
▓▓▓▓▓▓▓▓▓▓▓▓▓▓▓▓▓▓▓▓▓▓▓▓▓▓▓▓▓▓▓▓▓▓▓▓▓▓▓▓▓▓▓▓▓▓▓▓▓▓▓▓▓▓▓▓▓▓▓▓▓▓▓▓▓▓▓
▓
▓   Total valid items: 47
▓   Max inventory slot: 100
▓
▓▓▓▓▓▓▓▓▓▓▓▓▓▓▓▓▓▓▓▓▓▓▓▓▓▓▓▓▓▓▓▓▓▓▓▓▓▓▓▓▓▓▓▓▓▓▓▓▓▓▓▓▓▓▓▓▓▓▓▓▓▓▓▓▓▓▓-->

<Item id="CIT_0000" count="500"/><!--Chief Facility Manager (R8)-->
<Item id="CIT_0001" count="500"/><!--Deputy Facility Manager-->
<Item id="CIT_0002" count="500"/><!--Junior Facility Manager-->
<Item id="CIT_0003" count="500"/><!--1st-Class Management Trainee-->
<Item id="CIT_0004" count="500"/><!--2nd-Class Management Trainee-->
<Item id="CIT_0005" count="500"/><!--3rd-Class Management Trainee-->
<Item id="CIT_0008" count="500"/><!--Chief Medical Researcher (R8)-->
<Item id="CIT_0009" count="500"/><!--Deputy-Chief Medical Researcher-->
<Item id="CIT_0010" count="500"/><!--Senior Medical Researcher-->
<Item id="CIT_0011" count="500"/><!--1st-Class Medical Researcher-->
<Item id="CIT_0012" count="500"/><!--2nd-Class Medical Researcher-->
<Item id="CIT_0013" count="500"/><!--3rd-Class Medical Researcher-->
<Item id="CIT_0014" count="500"/><!--4th-Class Medical Researcher-->
<Item id="CIT_0015" count="500"/><!--5th-Class Medical Researcher-->
<Item id="CIT_0016" count="500"/><!--Chief Munitions Engineer (R8)-->
<Item id="CIT_0017" count="500"/><!--Deputy-Chief Munitions Engineer-->
<Item id="CIT_0018" count="500"/><!--Senior Munitions Engineer-->
<Item id="CIT_0019" count="500"/><!--1st-Class Munitions Engineer-->
<Item id="CIT_0020" count="500"/><!--2nd-Class Munitions Engineer-->
<Item id="CIT_0021" count="500"/><!--3rd-Class Munitions Engineer-->
<Item id="CIT_0022" count="500"/><!--4th-Class Munitions Engineer-->
<Item id="CIT_0024" count="500"/><!--Chief of Will'O Optimization (R8)-->
<Item id="CIT_0025" count="500"/><!--Deputy Chief of Will'O Optimization-->
<Item id="CIT_0026" count="500"/><!--Senior Will'O Optimization-->
<Item id="CIT_0027" count="500"/><!--Will'O Optimization Officer-->
<Item id="CIT_0028" count="500"/><!--Deputy Will'O Optimization Officer-->
<Item id="CIT_0029" count="500"/><!--Chief Weapons Technician (R8)-->
<Item id="CIT_0030" count="500"/><!--Senior Weapons Technician-->
<Item id="CIT_0031" count="500"/><!--Chief Facility Development Officer (R8)-->
<Item id="CIT_0032" count="500"/><!--Senior Facility Development Officer-->
<Item id="CIT_0033" count="500"/><!--Facility Development Expert-->
<Item id="CIT_0034" count="500"/><!--Grade 1 Levitation Technician-->
<Item id="CIT_0035" count="500"/><!--Grade 2 Levitation Technician-->
<Item id="CIT_0036" count="500"/><!--Grade 3 Levitation Technician-->
<Item id="CIT_0037" count="500"/><!--Grade 2 Severance Specialist (R8)-->
<Item id="CIT_0038" count="500"/><!--Grade 2 Anti-Armor Technician-->
<Item id="CIT_0039" count="500"/><!--Grade 4 Turret Construction Consultant-->
<Item id="CIT_0040" count="500"/><!--Grade 2 Resuscitation Researcher (R8)-->
<Item id="CIT_0041" count="500"/><!--Grade 2 Anti-Abductor Tactician-->
<Item id="CIT_0042" count="500"/><!--Junior Facility Manager (ID_ITM_CIT_1042)-->
<Item id="CIT_0043" count="500"/><!--1st-Class Management Trainee (ID_ITM_CIT_1043)-->
<Item id="CIT_0044" count="500"/><!--2nd-Class Management Trainee (ID_ITM_CIT_1044)-->
<Item id="CIT_0045" count="500"/><!--3rd-Class Management Trainee (ID_ITM_CIT_1045)-->
<Item id="CIT_0046" count="500"/><!--4th-Class Management Trainee (ID_ITM_CIT_1046)-->
<Item id="CIT_0047" count="500"/><!--5th-Class Management Trainee (ID_ITM_CIT_1047)-->
<Item id="CIT_0048" count="500"/><!--Chief Medical Researcher (ID_ITM_CIT_1048)-->
<Item id="CIT_0049" count="500"/><!--Deputy-Chief Medical Researcher (ID_ITM_CIT_1049)-->

<!--
▓▓▓▓▓▓▓▓▓▓▓▓▓▓▓▓▓▓▓▓▓▓▓▓▓▓▓▓▓▓▓▓▓▓▓▓▓▓▓▓▓▓▓▓▓▓▓▓▓▓▓▓▓▓▓▓▓▓▓▓▓▓▓▓▓▓▓
▓   KEY ITEMS
▓▓▓▓▓▓▓▓▓▓▓▓▓▓▓▓▓▓▓▓▓▓▓▓▓▓▓▓▓▓▓▓▓▓▓▓▓▓▓▓▓▓▓▓▓▓▓▓▓▓▓▓▓▓▓▓▓▓▓▓▓▓▓▓▓▓▓
▓ 
▓   Total valid items: ???
▓   Max inventory slot: 100
▓
▓   @note: The key items that you will lost forever is the
▓          chocolate coupons once you have given to the owner of
▓          the Gas Station.
▓
▓          This is a mess to arrange.
▓
▓▓▓▓▓▓▓▓▓▓▓▓▓▓▓▓▓▓▓▓▓▓▓▓▓▓▓▓▓▓▓▓▓▓▓▓▓▓▓▓▓▓▓▓▓▓▓▓▓▓▓▓▓▓▓▓▓▓▓▓▓▓▓▓▓▓▓-->

<Item id="KEY_3025" count="1"/><!--Proof of Non-Failure: CODE 7 Exam-->
<Item id="KEY_3028" count="1"/><!--Proof of Non-Failure: CG7-3 Whitewater-->
<Item id="KEY_3029" count="1"/><!--Proof of Non-Failure: XX7-4 Daybreak-->

<!--
▓▓▓▓▓▓▓▓▓▓▓▓▓▓▓▓▓▓▓▓▓▓▓▓▓▓▓▓▓▓▓▓▓▓▓▓▓▓▓▓▓▓▓▓▓▓▓▓▓▓▓▓▓▓▓▓▓▓▓▓▓▓▓▓▓▓▓
▓   DLCS
▓▓▓▓▓▓▓▓▓▓▓▓▓▓▓▓▓▓▓▓▓▓▓▓▓▓▓▓▓▓▓▓▓▓▓▓▓▓▓▓▓▓▓▓▓▓▓▓▓▓▓▓▓▓▓▓▓▓▓▓▓▓▓▓▓▓▓
▓
▓   While items and weapons needs reclaiming, dlcs such as
▓   costumes, accessories, colors, etc are automatically
▓   activated as soon as you press the start button.
▓
▓   I will not categorize nor eliminate null objects for the
▓   stickers, sorry.
▓
▓▓▓▓▓▓▓▓▓▓▓▓▓▓▓▓▓▓▓▓▓▓▓▓▓▓▓▓▓▓▓▓▓▓▓▓▓▓▓▓▓▓▓▓▓▓▓▓▓▓▓▓▓▓▓▓▓▓▓▓▓▓▓▓▓▓▓
▓   LEGENDS
▓▓▓▓▓▓▓▓▓▓▓▓▓▓▓▓▓▓▓▓▓▓▓▓▓▓▓▓▓▓▓▓▓▓▓▓▓▓▓▓▓▓▓▓▓▓▓▓▓▓▓▓▓▓▓▓▓▓▓▓▓▓▓▓▓▓▓
▓
▓   PLT = Facilities
▓   MST = Unknown, related to color palette
▓   PRT = Accessories, Headsets, Glasses, Hat, Masks, Eyes,
▓         Hairstyles
▓   CST = Costumes
▓   CLR = Color palettes
▓   DCL = Decals or stickers
▓   RTV = Accessory Voices
▓   BGM = Songs
▓
▓▓▓▓▓▓▓▓▓▓▓▓▓▓▓▓▓▓▓▓▓▓▓▓▓▓▓▓▓▓▓▓▓▓▓▓▓▓▓▓▓▓▓▓▓▓▓▓▓▓▓▓▓▓▓▓▓▓▓▓▓▓▓▓▓▓▓
▓   MISSING DLCS
▓▓▓▓▓▓▓▓▓▓▓▓▓▓▓▓▓▓▓▓▓▓▓▓▓▓▓▓▓▓▓▓▓▓▓▓▓▓▓▓▓▓▓▓▓▓▓▓▓▓▓▓▓▓▓▓▓▓▓▓▓▓▓▓▓▓▓
▓
▓   Redundant:
▓      - Bonus Pack DLC
▓      - Citizen Pack A-H
▓      - Combat Item Pack A-I
▓      - Weapon Pack A
▓      - Pre-Order Powerful Starter Weapons
▓      - Pre-Order Combat Pack Item
▓      - Sign and Symbols Pack 24, 27, 28, 29*
▓      - Signs and Symbols - 200 Types*
▓      - Signs and Symbols Pack 1*
▓
▓   Missing DLCs:
▓      - Change Home Panopticon Form
▓
▓   * These are the ones I'm not sure if needed. The sticker
▓      compilation is huge so there's a chance that these DLCs
▓      are already included.
▓
▓▓▓▓▓▓▓▓▓▓▓▓▓▓▓▓▓▓▓▓▓▓▓▓▓▓▓▓▓▓▓▓▓▓▓▓▓▓▓▓▓▓▓▓▓▓▓▓▓▓▓▓▓▓▓▓▓▓▓▓▓▓▓▓▓▓▓
▓   Credits
▓▓▓▓▓▓▓▓▓▓▓▓▓▓▓▓▓▓▓▓▓▓▓▓▓▓▓▓▓▓▓▓▓▓▓▓▓▓▓▓▓▓▓▓▓▓▓▓▓▓▓▓▓▓▓▓▓▓▓▓▓▓▓▓▓▓▓
▓
▓   - Thanks to u/frostotron for sharing Glasses Pack A&B
▓   - Thanks to u/ickystasis for sharing the following DLC:
▓      - Pre-order DLC
▓      - Costume Pack C
▓      - Bonus Songs
▓      Thanks to the Pre-Order dlc I learned the naming scheme for
▓      stickers and BGMs.
▓   - Thanks to the Nopaystation.com database for the following:
▓      - BGM Sticker Pack
▓      - Right to Additional Custom Loadouts
▓      And for the corrections (see nopaystation version.xml)
▓         - Badge Pack A
▓         - Bonus Songs
▓         - Color Pack A-B
▓         - Costume Pack C
▓         - Mask Pack A
▓         - Signs and Symbols Pack 30-31-32-35
▓
▓▓▓▓▓▓▓▓▓▓▓▓▓▓▓▓▓▓▓▓▓▓▓▓▓▓▓▓▓▓▓▓▓▓▓▓▓▓▓▓▓▓▓▓▓▓▓▓▓▓▓▓▓▓▓▓▓▓▓▓▓▓▓▓▓▓▓-->

<!--Accessory Pack A-->
<Permission id="0000100PRT015ATO"/><!--Heart Ring Necklace-->
<Permission id="0000100PRT016ATP"/><!--Thorn Necklace-->
<Permission id="0000100PRT017ATQ"/><!--Beaded Necklace-->
<Permission id="0000100PRT018ATR"/><!--Chain Scarf-->

<!--Badge Pack A-->
<Permission id="0000100PRT052HFK"/><!--Panopticon Badge-->
<Permission id="0000100PRT053HFL"/><!--Use Badge-->
<Permission id="0000100PRT054HFM"/><!--Mattias Badge-->
<Permission id="0000100PRT055HFN"/><!--Beatrice Badge-->
<Permission id="0000100PRT056HFO"/><!--Aries Badge-->
<Permission id="0000100PRT057HFP"/><!--Natalia Badge-->
<Permission id="0000100PRT058HFQ"/><!--Abel Badge-->
<Permission id="0000100PRT059HFR"/><!--Percy Propa Badge 1-->
<Permission id="0000100PRT060HFS"/><!--Percy Propa badge 2-->

<!--BGM Sticker Pack-->
<Permission id="0000100DCL001224"/>
<Permission id="0000100DCL001225"/>
<Permission id="0000100DCL001226"/>
<Permission id="0000100DCL001227"/>

<!--Bonus Songs-->
<Permission id="0000100BGM001000"/><!--Million-Year Sentence of Love-->
<Permission id="0000100BGM002000"/><!--Million-Year Sentence of Love (Short Version)-->
<Permission id="0000100BGM003000"/><!--Panopticon Work Song No. 1-->
<Permission id="0000100BGM004000"/><!--Na Na Na!-->
<Permission id="0000100BGM005000"/><!--Thorn Lullaby-->

<!--Color Pack A-->
<Permission id="0000100CLR001MST"/><!--Mattias-->
<Permission id="0000100CLR002MST"/><!--Uwe-->
<Permission id="0000100CLR006MST"/><!--Julien-->
<Permission id="0000100CLR009MST"/><!--Carlos-->
<Permission id="0000100CLR010MST"/><!--Abel-->
<Permission id="0000100CLR012MST"/><!--Simeon-->
   
<!--Color Pack B-->
<Permission id="0000100CLR003MST"/><!--Elfriede-->
<Permission id="0000100CLR004MST"/><!--Natalia-->
<Permission id="0000100CLR005MST"/><!--Aries M-->
<Permission id="0000100CLR007MST"/><!--Beatrice 1-->
<Permission id="0000100CLR008MST"/><!--Beatrice 2-->
<Permission id="0000100CLR011MST"/><!--Silvia-->

<!--Costume Pack A-->
<Permission id="0000100CST005GRM"/><!--Legionnaire Drifter (Male)-->
<Permission id="0000100CST006GRF"/><!--Legionnaire Drifter (Female)-->
<Permission id="0000100PRT013ATM"/><!--Type 91 Headset-->

<!--Costume Pack B-->
<Permission id="0000100CST003STM"/><!--Super Peace Suit (Male)-->
<Permission id="0000100CST004STF"/><!--Super Peace Suit (Female)-->
<Permission id="0000100PRT012ATL"/><!--Oval Gear-->

<!--Costume Pack C-->
<Permission id="0000100CST007GFM"/><!--Fine Furs (Male)-->
<Permission id="0000100CST008GFF"/><!--Fine Furs (Female)-->
<Permission id="0000100PRT014ATN"/><!--Furphones-->

<!--Extra Facility Plot A, B, C-->
<Permission id="0000100PLT001PLA"/>
<Permission id="0000100PLT002PLB"/>
<Permission id="0000100PLT003PLC"/>

<!--Eye Pack A-->
<Permission id="0000100PRT025EYA"/><!--Dragon Eyes-->
<Permission id="0000100PRT026EYB"/><!--Fish Eye Stare-->
<Permission id="0000100PRT027EYC"/><!--Demonic-->
<Permission id="0000100PRT028EYD"/><!--Demonic Blank-->
<Permission id="0000100PRT029EYE"/><!--Star-Shaped-->
<Permission id="0000100PRT030EYF"/><!--Circle-->
<Permission id="0000100PRT031EYG"/><!--Robotic-->

<!--Female Accessory Voice A, B, C-->
<Permission id="0000100RTV004HFA"/>
<Permission id="0000100RTV005HFB"/>
<Permission id="0000100RTV006HFC"/>
<Permission id="0000100RTV007HFD"/><!--Probably a Hidden Voice-->

<!--Female Hairstyle Pack A-->
<Permission id="0000100PRT042HFA"/><!--Wavy Cool-->
<Permission id="0000100PRT043HFB"/><!--Idol-->
<Permission id="0000100PRT044HFC"/><!--Hip-->
<Permission id="0000100PRT045HFD"/><!--The Pigtailed Bishoujo-->
<Permission id="0000100PRT046HFE"/><!--Nina Onii-Sama-->
<Permission id="0000100PRT047HFF"/><!--Apro-->
<Permission id="0000100PRT048HFG"/><!--Average Heroine-->
<Permission id="0000100PRT049HFH"/><!--Emo-->
<Permission id="0000100PRT050HFI"/><!--Twin-Tail-->
<Permission id="0000100PRT051HFJ"/><!--Shoulder Length-->

<!--Glasses Pack A-->
<Permission id="0000100PRT001ATA"/><!--Two-Tone Glasses-->
<Permission id="0000100PRT002ATB"/><!--Heart-Shaped Glasses-->
<Permission id="0000100PRT003ATC"/><!--Star-Shaped Glasses-->

<!--Glasses Pack B-->
<Permission id="0000100PRT004ATD"/><!--Round-Framed Glasses-->
<Permission id="0000100PRT005ATE"/><!--Eye Patch Left/Right-->

<!--Hat Pack A-->
<Permission id="0000100PRT006ATF"/><!--Tactical Googles-->
<Permission id="0000100PRT007ATG"/><!--Woolly Hat-->
<Permission id="0000100PRT008ATH"/><!--Crown-->
<Permission id="0000100PRT009ATI"/><!--Flat Cap-->
<Permission id="0000100PRT010ATJ"/><!--Crown Fascinator-->

<!--Male Accessory Voice A, B, C-->
<Permission id="0000100RTV001HMA"/>
<Permission id="0000100RTV002HMB"/>
<Permission id="0000100RTV003HMC"/>
<Permission id="0000100RTV008HFE"/><!--Percy Propa Voice-->

<!--Male Hairstyle Pack A-->
<Permission id="0000100PRT032HMA"/><!--Bishounen-->
<Permission id="0000100PRT033HMB"/><!--The Idiot Look-->
<Permission id="0000100PRT034HMC"/><!--Daw Ming Su-->
<Permission id="0000100PRT035HMD"/><!--Cool Antagonistic Style-->
<Permission id="0000100PRT036HME"/><!--Average Harem Protagonist-->
<Permission id="0000100PRT037HMF"/><!--Rockstar-->
<Permission id="0000100PRT038HMG"/><!--Mohawk ver.Idiot-->
<Permission id="0000100PRT039HMH"/><!--Spiky-->
<Permission id="0000100PRT040HMI"/><!--Side-Winder-->
<Permission id="0000100PRT041HMJ"/><!--Bowl-->

<!--Mask Pack A-->
<Permission id="0000100PRT019ATR"/><!--Standard Mask-->
<Permission id="0000100PRT020ATS"/><!--Rebreather-->
<Permission id="0000100PRT021ATT"/><!--Lollipop-->
<Permission id="0000100PRT022ATU"/><!--Zipper Mask-->
<Permission id="0000100PRT024ATW"/><!--Legionnaire's Mask-->

<!--Warren Colors-->
<Permission id="0000100CLR013MST"/>

<!--Pre-Order Limited Edition Costume-->
<Permission id="0000100CST001FMM"/><!--Formal Wear Male-->
<Permission id="0000100CST002FMF"/><!--Formal Wear Female-->
<Permission id="0000100PRT011ATK"/><!--Simple Framed Glasses-->

<!--Pre-Order Limited Edition Sticker Set-->
<Permission id="0000100DCL002154"/>
<Permission id="0000100DCL002018"/>
<Permission id="0000100DCL002165"/>
<Permission id="0000100DCL002191"/>
<Permission id="0000100DCL002045"/>
<Permission id="0000100DCL002452"/>
<Permission id="0000100DCL002316"/>
<Permission id="0000100DCL002463"/>
<Permission id="0000100DCL002489"/>
<Permission id="0000100DCL002343"/>

<!--Hidden Accessories-->
<Permission id="0000100PRT012ATL"/><!--Earpiece (Duplicate ID?)-->

<!--Right to Additional Custom Loadouts-->
<Permission id="0000100MST001SL1"/>
<Permission id="0000100MST002SL2"/>
<Permission id="0000100MST003SL3"/>
<Permission id="0000100MST004SL4"/>
<Permission id="0000100MST005SL5"/>

<!--Signs and Symbols - Compilation-->
<Permission id="0000100DCL002000"/><Permission id="0000100DCL002001"/><Permission id="0000100DCL002002"/><Permission id="0000100DCL002003"/><Permission id="0000100DCL002004"/><Permission id="0000100DCL002005"/><Permission id="0000100DCL002006"/><Permission id="0000100DCL002007"/><Permission id="0000100DCL002008"/><Permission id="0000100DCL002009"/><Permission id="0000100DCL002010"/><Permission id="0000100DCL002011"/><Permission id="0000100DCL002012"/><Permission id="0000100DCL002013"/><Permission id="0000100DCL002014"/><Permission id="0000100DCL002015"/><Permission id="0000100DCL002016"/><Permission id="0000100DCL002017"/><Permission id="0000100DCL002019"/><Permission id="0000100DCL002020"/><Permission id="0000100DCL002021"/><Permission id="0000100DCL002022"/><Permission id="0000100DCL002023"/><Permission id="0000100DCL002024"/><Permission id="0000100DCL002025"/><Permission id="0000100DCL002026"/><Permission id="0000100DCL002027"/><Permission id="0000100DCL002028"/><Permission id="0000100DCL002029"/><Permission id="0000100DCL002030"/><Permission id="0000100DCL002031"/><Permission id="0000100DCL002032"/><Permission id="0000100DCL002033"/><Permission id="0000100DCL002034"/><Permission id="0000100DCL002035"/><Permission id="0000100DCL002036"/><Permission id="0000100DCL002037"/><Permission id="0000100DCL002038"/><Permission id="0000100DCL002039"/><Permission id="0000100DCL002040"/><Permission id="0000100DCL002041"/><Permission id="0000100DCL002042"/><Permission id="0000100DCL002043"/><Permission id="0000100DCL002044"/><Permission id="0000100DCL002046"/><Permission id="0000100DCL002047"/><Permission id="0000100DCL002048"/><Permission id="0000100DCL002049"/><Permission id="0000100DCL002050"/><Permission id="0000100DCL002051"/><Permission id="0000100DCL002052"/><Permission id="0000100DCL002053"/><Permission id="0000100DCL002054"/><Permission id="0000100DCL002055"/><Permission id="0000100DCL002056"/><Permission id="0000100DCL002057"/><Permission id="0000100DCL002058"/><Permission id="0000100DCL002059"/><Permission id="0000100DCL002060"/><Permission id="0000100DCL002061"/><Permission id="0000100DCL002062"/><Permission id="0000100DCL002063"/><Permission id="0000100DCL002064"/><Permission id="0000100DCL002065"/><Permission id="0000100DCL002066"/><Permission id="0000100DCL002067"/><Permission id="0000100DCL002068"/><Permission id="0000100DCL002069"/><Permission id="0000100DCL002070"/><Permission id="0000100DCL002071"/><Permission id="0000100DCL002072"/><Permission id="0000100DCL002073"/><Permission id="0000100DCL002074"/><Permission id="0000100DCL002075"/><Permission id="0000100DCL002076"/><Permission id="0000100DCL002077"/><Permission id="0000100DCL002078"/><Permission id="0000100DCL002079"/><Permission id="0000100DCL002080"/><Permission id="0000100DCL002081"/><Permission id="0000100DCL002082"/><Permission id="0000100DCL002083"/><Permission id="0000100DCL002084"/><Permission id="0000100DCL002085"/><Permission id="0000100DCL002086"/><Permission id="0000100DCL002087"/><Permission id="0000100DCL002088"/><Permission id="0000100DCL002089"/><Permission id="0000100DCL002090"/><Permission id="0000100DCL002091"/><Permission id="0000100DCL002092"/><Permission id="0000100DCL002093"/><Permission id="0000100DCL002094"/><Permission id="0000100DCL002095"/><Permission id="0000100DCL002096"/><Permission id="0000100DCL002097"/><Permission id="0000100DCL002098"/><Permission id="0000100DCL002099"/><Permission id="0000100DCL002100"/><Permission id="0000100DCL002101"/><Permission id="0000100DCL002102"/><Permission id="0000100DCL002103"/><Permission id="0000100DCL002104"/><Permission id="0000100DCL002105"/><Permission id="0000100DCL002106"/><Permission id="0000100DCL002107"/><Permission id="0000100DCL002108"/><Permission id="0000100DCL002109"/><Permission id="0000100DCL002110"/><Permission id="0000100DCL002111"/><Permission id="0000100DCL002112"/><Permission id="0000100DCL002113"/><Permission id="0000100DCL002114"/><Permission id="0000100DCL002115"/><Permission id="0000100DCL002116"/><Permission id="0000100DCL002117"/><Permission id="0000100DCL002118"/><Permission id="0000100DCL002119"/><Permission id="0000100DCL002120"/><Permission id="0000100DCL002121"/><Permission id="0000100DCL002122"/><Permission id="0000100DCL002123"/><Permission id="0000100DCL002124"/><Permission id="0000100DCL002125"/><Permission id="0000100DCL002126"/><Permission id="0000100DCL002127"/><Permission id="0000100DCL002128"/><Permission id="0000100DCL002129"/><Permission id="0000100DCL002130"/><Permission id="0000100DCL002131"/><Permission id="0000100DCL002132"/><Permission id="0000100DCL002133"/><Permission id="0000100DCL002134"/><Permission id="0000100DCL002135"/><Permission id="0000100DCL002136"/><Permission id="0000100DCL002137"/><Permission id="0000100DCL002138"/><Permission id="0000100DCL002139"/><Permission id="0000100DCL002140"/><Permission id="0000100DCL002141"/><Permission id="0000100DCL002142"/><Permission id="0000100DCL002143"/><Permission id="0000100DCL002144"/><Permission id="0000100DCL002145"/><Permission id="0000100DCL002146"/><Permission id="0000100DCL002147"/><Permission id="0000100DCL002148"/><Permission id="0000100DCL002149"/><Permission id="0000100DCL002150"/><Permission id="0000100DCL002151"/><Permission id="0000100DCL002152"/><Permission id="0000100DCL002153"/><Permission id="0000100DCL002155"/><Permission id="0000100DCL002156"/><Permission id="0000100DCL002157"/><Permission id="0000100DCL002158"/><Permission id="0000100DCL002159"/><Permission id="0000100DCL002160"/><Permission id="0000100DCL002161"/><Permission id="0000100DCL002162"/><Permission id="0000100DCL002163"/><Permission id="0000100DCL002164"/><Permission id="0000100DCL002166"/><Permission id="0000100DCL002167"/><Permission id="0000100DCL002168"/><Permission id="0000100DCL002169"/><Permission id="0000100DCL002170"/><Permission id="0000100DCL002171"/><Permission id="0000100DCL002172"/><Permission id="0000100DCL002173"/><Permission id="0000100DCL002174"/><Permission id="0000100DCL002175"/><Permission id="0000100DCL002176"/><Permission id="0000100DCL002177"/><Permission id="0000100DCL002178"/><Permission id="0000100DCL002179"/><Permission id="0000100DCL002180"/><Permission id="0000100DCL002181"/><Permission id="0000100DCL002182"/><Permission id="0000100DCL002183"/><Permission id="0000100DCL002184"/><Permission id="0000100DCL002185"/><Permission id="0000100DCL002186"/><Permission id="0000100DCL002187"/><Permission id="0000100DCL002188"/><Permission id="0000100DCL002189"/><Permission id="0000100DCL002190"/><Permission id="0000100DCL002192"/><Permission id="0000100DCL002193"/><Permission id="0000100DCL002194"/><Permission id="0000100DCL002195"/><Permission id="0000100DCL002196"/><Permission id="0000100DCL002197"/><Permission id="0000100DCL002198"/><Permission id="0000100DCL002199"/><Permission id="0000100DCL002200"/><Permission id="0000100DCL002201"/><Permission id="0000100DCL002202"/><Permission id="0000100DCL002203"/><Permission id="0000100DCL002204"/><Permission id="0000100DCL002205"/><Permission id="0000100DCL002206"/><Permission id="0000100DCL002207"/><Permission id="0000100DCL002208"/><Permission id="0000100DCL002209"/><Permission id="0000100DCL002210"/><Permission id="0000100DCL002211"/><Permission id="0000100DCL002212"/><Permission id="0000100DCL002213"/><Permission id="0000100DCL002214"/><Permission id="0000100DCL002215"/><Permission id="0000100DCL002216"/><Permission id="0000100DCL002217"/><Permission id="0000100DCL002218"/><Permission id="0000100DCL002219"/><Permission id="0000100DCL002220"/><Permission id="0000100DCL002221"/><Permission id="0000100DCL002222"/><Permission id="0000100DCL002223"/><Permission id="0000100DCL002224"/><Permission id="0000100DCL002225"/><Permission id="0000100DCL002226"/><Permission id="0000100DCL002227"/><Permission id="0000100DCL002228"/><Permission id="0000100DCL002229"/><Permission id="0000100DCL002230"/><Permission id="0000100DCL002231"/><Permission id="0000100DCL002232"/><Permission id="0000100DCL002233"/><Permission id="0000100DCL002234"/><Permission id="0000100DCL002235"/><Permission id="0000100DCL002236"/><Permission id="0000100DCL002237"/><Permission id="0000100DCL002238"/><Permission id="0000100DCL002239"/><Permission id="0000100DCL002240"/><Permission id="0000100DCL002241"/><Permission id="0000100DCL002242"/><Permission id="0000100DCL002243"/><Permission id="0000100DCL002244"/><Permission id="0000100DCL002245"/><Permission id="0000100DCL002246"/><Permission id="0000100DCL002247"/><Permission id="0000100DCL002248"/><Permission id="0000100DCL002249"/><Permission id="0000100DCL002250"/><Permission id="0000100DCL002251"/><Permission id="0000100DCL002252"/><Permission id="0000100DCL002253"/><Permission id="0000100DCL002254"/><Permission id="0000100DCL002255"/><Permission id="0000100DCL002256"/><Permission id="0000100DCL002257"/><Permission id="0000100DCL002258"/><Permission id="0000100DCL002259"/><Permission id="0000100DCL002260"/><Permission id="0000100DCL002261"/><Permission id="0000100DCL002262"/><Permission id="0000100DCL002263"/><Permission id="0000100DCL002264"/><Permission id="0000100DCL002265"/><Permission id="0000100DCL002266"/><Permission id="0000100DCL002267"/><Permission id="0000100DCL002268"/><Permission id="0000100DCL002269"/><Permission id="0000100DCL002270"/><Permission id="0000100DCL002271"/><Permission id="0000100DCL002272"/><Permission id="0000100DCL002273"/><Permission id="0000100DCL002274"/><Permission id="0000100DCL002275"/><Permission id="0000100DCL002276"/><Permission id="0000100DCL002277"/><Permission id="0000100DCL002278"/><Permission id="0000100DCL002279"/><Permission id="0000100DCL002280"/><Permission id="0000100DCL002281"/><Permission id="0000100DCL002282"/><Permission id="0000100DCL002283"/><Permission id="0000100DCL002284"/><Permission id="0000100DCL002285"/><Permission id="0000100DCL002286"/><Permission id="0000100DCL002287"/><Permission id="0000100DCL002288"/><Permission id="0000100DCL002289"/><Permission id="0000100DCL002290"/><Permission id="0000100DCL002291"/><Permission id="0000100DCL002292"/><Permission id="0000100DCL002293"/><Permission id="0000100DCL002294"/><Permission id="0000100DCL002295"/><Permission id="0000100DCL002296"/><Permission id="0000100DCL002297"/><Permission id="0000100DCL002298"/><Permission id="0000100DCL002299"/><Permission id="0000100DCL002300"/><Permission id="0000100DCL002301"/><Permission id="0000100DCL002302"/><Permission id="0000100DCL002303"/><Permission id="0000100DCL002304"/><Permission id="0000100DCL002305"/><Permission id="0000100DCL002306"/><Permission id="0000100DCL002307"/><Permission id="0000100DCL002308"/><Permission id="0000100DCL002309"/><Permission id="0000100DCL002310"/><Permission id="0000100DCL002311"/><Permission id="0000100DCL002312"/><Permission id="0000100DCL002313"/><Permission id="0000100DCL002314"/><Permission id="0000100DCL002315"/><Permission id="0000100DCL002317"/><Permission id="0000100DCL002318"/><Permission id="0000100DCL002319"/><Permission id="0000100DCL002320"/><Permission id="0000100DCL002321"/><Permission id="0000100DCL002322"/><Permission id="0000100DCL002323"/><Permission id="0000100DCL002324"/><Permission id="0000100DCL002325"/><Permission id="0000100DCL002326"/><Permission id="0000100DCL002327"/><Permission id="0000100DCL002328"/><Permission id="0000100DCL002329"/><Permission id="0000100DCL002330"/><Permission id="0000100DCL002331"/><Permission id="0000100DCL002332"/><Permission id="0000100DCL002333"/><Permission id="0000100DCL002334"/><Permission id="0000100DCL002335"/><Permission id="0000100DCL002336"/><Permission id="0000100DCL002337"/><Permission id="0000100DCL002338"/><Permission id="0000100DCL002339"/><Permission id="0000100DCL002340"/><Permission id="0000100DCL002341"/><Permission id="0000100DCL002342"/><Permission id="0000100DCL002344"/><Permission id="0000100DCL002345"/><Permission id="0000100DCL002346"/><Permission id="0000100DCL002347"/><Permission id="0000100DCL002348"/><Permission id="0000100DCL002349"/><Permission id="0000100DCL002350"/><Permission id="0000100DCL002351"/><Permission id="0000100DCL002352"/><Permission id="0000100DCL002353"/><Permission id="0000100DCL002354"/><Permission id="0000100DCL002355"/><Permission id="0000100DCL002356"/><Permission id="0000100DCL002357"/><Permission id="0000100DCL002358"/><Permission id="0000100DCL002359"/><Permission id="0000100DCL002360"/><Permission id="0000100DCL002361"/><Permission id="0000100DCL002362"/><Permission id="0000100DCL002363"/><Permission id="0000100DCL002364"/><Permission id="0000100DCL002365"/><Permission id="0000100DCL002366"/><Permission id="0000100DCL002367"/><Permission id="0000100DCL002368"/><Permission id="0000100DCL002369"/><Permission id="0000100DCL002370"/><Permission id="0000100DCL002371"/><Permission id="0000100DCL002372"/><Permission id="0000100DCL002373"/><Permission id="0000100DCL002374"/><Permission id="0000100DCL002375"/><Permission id="0000100DCL002376"/><Permission id="0000100DCL002377"/><Permission id="0000100DCL002378"/><Permission id="0000100DCL002379"/><Permission id="0000100DCL002380"/><Permission id="0000100DCL002381"/><Permission id="0000100DCL002382"/><Permission id="0000100DCL002383"/><Permission id="0000100DCL002384"/><Permission id="0000100DCL002385"/><Permission id="0000100DCL002386"/><Permission id="0000100DCL002387"/><Permission id="0000100DCL002388"/><Permission id="0000100DCL002389"/><Permission id="0000100DCL002390"/><Permission id="0000100DCL002391"/><Permission id="0000100DCL002392"/><Permission id="0000100DCL002393"/><Permission id="0000100DCL002394"/><Permission id="0000100DCL002395"/><Permission id="0000100DCL002396"/><Permission id="0000100DCL002397"/><Permission id="0000100DCL002398"/><Permission id="0000100DCL002399"/><Permission id="0000100DCL002400"/><Permission id="0000100DCL002401"/><Permission id="0000100DCL002402"/><Permission id="0000100DCL002403"/><Permission id="0000100DCL002404"/><Permission id="0000100DCL002405"/><Permission id="0000100DCL002406"/><Permission id="0000100DCL002407"/><Permission id="0000100DCL002408"/><Permission id="0000100DCL002409"/><Permission id="0000100DCL002410"/><Permission id="0000100DCL002411"/><Permission id="0000100DCL002412"/><Permission id="0000100DCL002413"/><Permission id="0000100DCL002414"/><Permission id="0000100DCL002415"/><Permission id="0000100DCL002416"/><Permission id="0000100DCL002417"/><Permission id="0000100DCL002418"/><Permission id="0000100DCL002419"/><Permission id="0000100DCL002420"/><Permission id="0000100DCL002421"/><Permission id="0000100DCL002422"/><Permission id="0000100DCL002423"/><Permission id="0000100DCL002424"/><Permission id="0000100DCL002425"/><Permission id="0000100DCL002426"/><Permission id="0000100DCL002427"/><Permission id="0000100DCL002428"/><Permission id="0000100DCL002429"/><Permission id="0000100DCL002430"/><Permission id="0000100DCL002431"/><Permission id="0000100DCL002432"/><Permission id="0000100DCL002433"/><Permission id="0000100DCL002434"/><Permission id="0000100DCL002435"/><Permission id="0000100DCL002436"/><Permission id="0000100DCL002437"/><Permission id="0000100DCL002438"/><Permission id="0000100DCL002439"/><Permission id="0000100DCL002440"/><Permission id="0000100DCL002441"/><Permission id="0000100DCL002442"/><Permission id="0000100DCL002443"/><Permission id="0000100DCL002444"/><Permission id="0000100DCL002445"/><Permission id="0000100DCL002446"/><Permission id="0000100DCL002447"/><Permission id="0000100DCL002448"/><Permission id="0000100DCL002449"/><Permission id="0000100DCL002450"/><Permission id="0000100DCL002451"/><Permission id="0000100DCL002453"/><Permission id="0000100DCL002454"/><Permission id="0000100DCL002455"/><Permission id="0000100DCL002456"/><Permission id="0000100DCL002457"/><Permission id="0000100DCL002458"/><Permission id="0000100DCL002459"/><Permission id="0000100DCL002460"/><Permission id="0000100DCL002461"/><Permission id="0000100DCL002462"/><Permission id="0000100DCL002464"/><Permission id="0000100DCL002465"/><Permission id="0000100DCL002466"/><Permission id="0000100DCL002467"/><Permission id="0000100DCL002468"/><Permission id="0000100DCL002469"/><Permission id="0000100DCL002470"/><Permission id="0000100DCL002471"/><Permission id="0000100DCL002472"/><Permission id="0000100DCL002473"/><Permission id="0000100DCL002474"/><Permission id="0000100DCL002475"/><Permission id="0000100DCL002476"/><Permission id="0000100DCL002477"/><Permission id="0000100DCL002478"/><Permission id="0000100DCL002479"/><Permission id="0000100DCL002480"/><Permission id="0000100DCL002481"/><Permission id="0000100DCL002482"/><Permission id="0000100DCL002483"/><Permission id="0000100DCL002484"/><Permission id="0000100DCL002485"/><Permission id="0000100DCL002486"/><Permission id="0000100DCL002487"/><Permission id="0000100DCL002488"/><Permission id="0000100DCL002490"/><Permission id="0000100DCL002491"/><Permission id="0000100DCL002492"/><Permission id="0000100DCL002493"/><Permission id="0000100DCL002494"/><Permission id="0000100DCL002495"/><Permission id="0000100DCL002496"/><Permission id="0000100DCL002497"/><Permission id="0000100DCL002498"/><Permission id="0000100DCL002499"/><Permission id="0000100DCL002500"/><Permission id="0000100DCL002501"/><Permission id="0000100DCL002502"/><Permission id="0000100DCL002503"/><Permission id="0000100DCL002504"/><Permission id="0000100DCL002505"/><Permission id="0000100DCL002506"/><Permission id="0000100DCL002507"/><Permission id="0000100DCL002508"/><Permission id="0000100DCL002509"/><Permission id="0000100DCL002510"/><Permission id="0000100DCL002511"/><Permission id="0000100DCL002512"/><Permission id="0000100DCL002513"/><Permission id="0000100DCL002514"/><Permission id="0000100DCL002515"/><Permission id="0000100DCL002516"/><Permission id="0000100DCL002517"/><Permission id="0000100DCL002518"/><Permission id="0000100DCL002519"/><Permission id="0000100DCL002520"/><Permission id="0000100DCL002521"/><Permission id="0000100DCL002522"/><Permission id="0000100DCL002523"/><Permission id="0000100DCL002524"/><Permission id="0000100DCL002525"/><Permission id="0000100DCL002526"/><Permission id="0000100DCL002527"/><Permission id="0000100DCL002528"/><Permission id="0000100DCL002529"/><Permission id="0000100DCL002530"/><Permission id="0000100DCL002531"/><Permission id="0000100DCL002532"/><Permission id="0000100DCL002533"/><Permission id="0000100DCL002534"/><Permission id="0000100DCL002535"/><Permission id="0000100DCL002536"/><Permission id="0000100DCL002537"/><Permission id="0000100DCL002538"/><Permission id="0000100DCL002539"/><Permission id="0000100DCL002540"/><Permission id="0000100DCL002541"/><Permission id="0000100DCL002542"/><Permission id="0000100DCL002543"/><Permission id="0000100DCL002544"/><Permission id="0000100DCL002545"/><Permission id="0000100DCL002546"/><Permission id="0000100DCL002547"/><Permission id="0000100DCL002548"/><Permission id="0000100DCL002549"/><Permission id="0000100DCL002550"/><Permission id="0000100DCL002551"/><Permission id="0000100DCL002552"/><Permission id="0000100DCL002553"/><Permission id="0000100DCL002554"/><Permission id="0000100DCL002555"/><Permission id="0000100DCL002556"/><Permission id="0000100DCL002557"/><Permission id="0000100DCL002558"/><Permission id="0000100DCL002559"/><Permission id="0000100DCL002560"/><Permission id="0000100DCL002561"/><Permission id="0000100DCL002562"/><Permission id="0000100DCL002563"/><Permission id="0000100DCL002564"/><Permission id="0000100DCL002565"/><Permission id="0000100DCL002566"/><Permission id="0000100DCL002567"/><Permission id="0000100DCL002568"/><Permission id="0000100DCL002569"/><Permission id="0000100DCL002570"/><Permission id="0000100DCL002571"/><Permission id="0000100DCL002572"/><Permission id="0000100DCL002573"/><Permission id="0000100DCL002574"/><Permission id="0000100DCL002575"/><Permission id="0000100DCL002576"/><Permission id="0000100DCL002577"/><Permission id="0000100DCL002578"/><Permission id="0000100DCL002579"/><Permission id="0000100DCL002580"/><Permission id="0000100DCL002581"/><Permission id="0000100DCL002582"/><Permission id="0000100DCL002583"/><Permission id="0000100DCL002584"/><Permission id="0000100DCL002585"/><Permission id="0000100DCL002586"/><Permission id="0000100DCL002587"/><Permission id="0000100DCL002588"/><Permission id="0000100DCL002589"/><Permission id="0000100DCL002590"/><Permission id="0000100DCL002591"/><Permission id="0000100DCL002592"/><Permission id="0000100DCL002593"/><Permission id="0000100DCL002594"/><Permission id="0000100DCL002595"/><Permission id="0000100DCL002596"/><Permission id="0000100DCL002597"/><Permission id="0000100DCL002598"/><Permission id="0000100DCL002599"/><Permission id="0000100DCL002600"/><Permission id="0000100DCL002601"/><Permission id="0000100DCL002602"/><Permission id="0000100DCL002603"/><Permission id="0000100DCL002604"/><Permission id="0000100DCL002605"/><Permission id="0000100DCL002606"/><Permission id="0000100DCL002607"/><Permission id="0000100DCL002608"/><Permission id="0000100DCL002609"/><Permission id="0000100DCL002610"/><Permission id="0000100DCL002611"/><Permission id="0000100DCL002612"/><Permission id="0000100DCL002613"/><Permission id="0000100DCL002614"/><Permission id="0000100DCL002615"/><Permission id="0000100DCL002616"/><Permission id="0000100DCL002617"/><Permission id="0000100DCL002618"/><Permission id="0000100DCL002619"/><Permission id="0000100DCL002620"/><Permission id="0000100DCL002621"/><Permission id="0000100DCL002622"/><Permission id="0000100DCL002623"/><Permission id="0000100DCL002624"/><Permission id="0000100DCL002625"/><Permission id="0000100DCL002626"/><Permission id="0000100DCL002627"/><Permission id="0000100DCL002628"/><Permission id="0000100DCL002629"/><Permission id="0000100DCL002630"/><Permission id="0000100DCL002631"/><Permission id="0000100DCL002632"/><Permission id="0000100DCL002633"/><Permission id="0000100DCL002634"/><Permission id="0000100DCL002635"/><Permission id="0000100DCL002636"/><Permission id="0000100DCL002637"/><Permission id="0000100DCL002638"/><Permission id="0000100DCL002639"/><Permission id="0000100DCL002640"/><Permission id="0000100DCL002641"/><Permission id="0000100DCL002642"/><Permission id="0000100DCL002643"/><Permission id="0000100DCL002644"/><Permission id="0000100DCL002645"/><Permission id="0000100DCL002646"/><Permission id="0000100DCL002647"/><Permission id="0000100DCL002648"/><Permission id="0000100DCL002649"/><Permission id="0000100DCL002650"/><Permission id="0000100DCL002651"/><Permission id="0000100DCL002652"/><Permission id="0000100DCL002653"/><Permission id="0000100DCL002654"/><Permission id="0000100DCL002655"/><Permission id="0000100DCL002656"/><Permission id="0000100DCL002657"/><Permission id="0000100DCL002658"/><Permission id="0000100DCL002659"/><Permission id="0000100DCL002660"/><Permission id="0000100DCL002661"/><Permission id="0000100DCL002662"/><Permission id="0000100DCL002663"/><Permission id="0000100DCL002664"/><Permission id="0000100DCL002665"/><Permission id="0000100DCL002666"/><Permission id="0000100DCL002667"/><Permission id="0000100DCL002668"/><Permission id="0000100DCL002669"/><Permission id="0000100DCL002670"/><Permission id="0000100DCL002671"/><Permission id="0000100DCL002672"/><Permission id="0000100DCL002673"/><Permission id="0000100DCL002674"/><Permission id="0000100DCL002675"/><Permission id="0000100DCL002676"/><Permission id="0000100DCL002677"/><Permission id="0000100DCL002678"/><Permission id="0000100DCL002679"/><Permission id="0000100DCL002680"/><Permission id="0000100DCL002681"/><Permission id="0000100DCL002682"/><Permission id="0000100DCL002683"/><Permission id="0000100DCL002684"/><Permission id="0000100DCL002685"/><Permission id="0000100DCL002686"/><Permission id="0000100DCL002687"/><Permission id="0000100DCL002688"/><Permission id="0000100DCL002689"/><Permission id="0000100DCL002690"/><Permission id="0000100DCL002691"/><Permission id="0000100DCL002692"/><Permission id="0000100DCL002693"/><Permission id="0000100DCL002694"/><Permission id="0000100DCL002695"/><Permission id="0000100DCL002696"/><Permission id="0000100DCL002697"/><Permission id="0000100DCL002698"/><Permission id="0000100DCL002699"/><Permission id="0000100DCL002700"/><Permission id="0000100DCL002701"/><Permission id="0000100DCL002702"/><Permission id="0000100DCL002703"/><Permission id="0000100DCL002704"/><Permission id="0000100DCL002705"/><Permission id="0000100DCL002706"/><Permission id="0000100DCL002707"/><Permission id="0000100DCL002708"/><Permission id="0000100DCL002709"/><Permission id="0000100DCL002710"/><Permission id="0000100DCL002711"/><Permission id="0000100DCL002712"/><Permission id="0000100DCL002713"/><Permission id="0000100DCL002714"/><Permission id="0000100DCL002715"/><Permission id="0000100DCL002716"/><Permission id="0000100DCL002717"/><Permission id="0000100DCL002718"/><Permission id="0000100DCL002719"/><Permission id="0000100DCL002720"/><Permission id="0000100DCL002721"/><Permission id="0000100DCL002722"/><Permission id="0000100DCL002723"/><Permission id="0000100DCL002724"/><Permission id="0000100DCL002725"/><Permission id="0000100DCL002726"/><Permission id="0000100DCL002727"/><Permission id="0000100DCL002728"/><Permission id="0000100DCL002729"/><Permission id="0000100DCL002730"/><Permission id="0000100DCL002731"/><Permission id="0000100DCL002732"/><Permission id="0000100DCL002733"/><Permission id="0000100DCL002734"/><Permission id="0000100DCL002735"/><Permission id="0000100DCL002736"/><Permission id="0000100DCL002737"/><Permission id="0000100DCL002738"/><Permission id="0000100DCL002739"/><Permission id="0000100DCL002740"/><Permission id="0000100DCL002741"/><Permission id="0000100DCL002742"/><Permission id="0000100DCL002743"/><Permission id="0000100DCL002744"/><Permission id="0000100DCL002745"/><Permission id="0000100DCL002746"/><Permission id="0000100DCL002747"/><Permission id="0000100DCL002748"/><Permission id="0000100DCL002749"/><Permission id="0000100DCL002750"/><Permission id="0000100DCL002751"/><Permission id="0000100DCL002752"/><Permission id="0000100DCL002753"/><Permission id="0000100DCL002754"/><Permission id="0000100DCL002755"/><Permission id="0000100DCL002756"/><Permission id="0000100DCL002757"/><Permission id="0000100DCL002758"/><Permission id="0000100DCL002759"/><Permission id="0000100DCL002760"/><Permission id="0000100DCL002761"/><Permission id="0000100DCL002762"/><Permission id="0000100DCL002763"/><Permission id="0000100DCL002764"/><Permission id="0000100DCL002765"/><Permission id="0000100DCL002766"/><Permission id="0000100DCL002767"/><Permission id="0000100DCL002768"/><Permission id="0000100DCL002769"/><Permission id="0000100DCL002770"/><Permission id="0000100DCL002771"/><Permission id="0000100DCL002772"/><Permission id="0000100DCL002773"/><Permission id="0000100DCL002774"/><Permission id="0000100DCL002775"/><Permission id="0000100DCL002776"/><Permission id="0000100DCL002777"/><Permission id="0000100DCL002778"/><Permission id="0000100DCL002779"/><Permission id="0000100DCL002780"/><Permission id="0000100DCL002781"/><Permission id="0000100DCL002782"/><Permission id="0000100DCL002783"/><Permission id="0000100DCL002784"/><Permission id="0000100DCL002785"/><Permission id="0000100DCL002786"/><Permission id="0000100DCL002787"/><Permission id="0000100DCL002788"/><Permission id="0000100DCL002789"/><Permission id="0000100DCL002790"/><Permission id="0000100DCL002791"/><Permission id="0000100DCL002792"/><Permission id="0000100DCL002793"/><Permission id="0000100DCL002794"/><Permission id="0000100DCL002795"/><Permission id="0000100DCL002796"/><Permission id="0000100DCL002797"/><Permission id="0000100DCL002798"/><Permission id="0000100DCL002799"/><Permission id="0000100DCL002800"/><Permission id="0000100DCL002801"/><Permission id="0000100DCL002802"/><Permission id="0000100DCL002803"/><Permission id="0000100DCL002804"/><Permission id="0000100DCL002805"/><Permission id="0000100DCL002806"/><Permission id="0000100DCL002807"/><Permission id="0000100DCL002808"/><Permission id="0000100DCL002809"/><Permission id="0000100DCL002810"/><Permission id="0000100DCL002811"/><Permission id="0000100DCL002812"/><Permission id="0000100DCL002813"/><Permission id="0000100DCL002814"/><Permission id="0000100DCL002815"/><Permission id="0000100DCL002816"/><Permission id="0000100DCL002817"/><Permission id="0000100DCL002818"/><Permission id="0000100DCL002819"/><Permission id="0000100DCL002820"/><Permission id="0000100DCL002821"/><Permission id="0000100DCL002822"/><Permission id="0000100DCL002823"/><Permission id="0000100DCL002824"/><Permission id="0000100DCL002825"/><Permission id="0000100DCL002826"/><Permission id="0000100DCL002827"/><Permission id="0000100DCL002828"/><Permission id="0000100DCL002829"/><Permission id="0000100DCL002830"/><Permission id="0000100DCL002831"/><Permission id="0000100DCL002832"/><Permission id="0000100DCL002833"/><Permission id="0000100DCL002834"/><Permission id="0000100DCL002835"/><Permission id="0000100DCL002836"/><Permission id="0000100DCL002837"/><Permission id="0000100DCL002838"/><Permission id="0000100DCL002839"/><Permission id="0000100DCL002840"/><Permission id="0000100DCL002841"/><Permission id="0000100DCL002842"/><Permission id="0000100DCL002843"/><Permission id="0000100DCL002844"/><Permission id="0000100DCL002845"/><Permission id="0000100DCL002846"/><Permission id="0000100DCL002847"/><Permission id="0000100DCL002848"/><Permission id="0000100DCL002849"/><Permission id="0000100DCL002850"/><Permission id="0000100DCL002851"/><Permission id="0000100DCL002852"/><Permission id="0000100DCL002853"/><Permission id="0000100DCL002854"/><Permission id="0000100DCL002855"/><Permission id="0000100DCL002856"/><Permission id="0000100DCL002857"/><Permission id="0000100DCL002858"/><Permission id="0000100DCL002859"/><Permission id="0000100DCL002860"/><Permission id="0000100DCL002861"/><Permission id="0000100DCL002862"/><Permission id="0000100DCL002863"/><Permission id="0000100DCL002864"/><Permission id="0000100DCL002865"/><Permission id="0000100DCL002866"/><Permission id="0000100DCL002867"/><Permission id="0000100DCL002868"/><Permission id="0000100DCL002869"/><Permission id="0000100DCL002870"/><Permission id="0000100DCL002871"/><Permission id="0000100DCL002872"/><Permission id="0000100DCL002873"/><Permission id="0000100DCL002874"/><Permission id="0000100DCL002875"/><Permission id="0000100DCL002876"/><Permission id="0000100DCL002877"/><Permission id="0000100DCL002878"/><Permission id="0000100DCL002879"/><Permission id="0000100DCL002880"/><Permission id="0000100DCL002881"/><Permission id="0000100DCL002882"/><Permission id="0000100DCL002883"/><Permission id="0000100DCL002884"/><Permission id="0000100DCL002885"/><Permission id="0000100DCL002886"/><Permission id="0000100DCL002887"/><Permission id="0000100DCL002888"/><Permission id="0000100DCL002889"/><Permission id="0000100DCL002890"/><Permission id="0000100DCL002891"/><Permission id="0000100DCL002892"/><Permission id="0000100DCL002893"/><Permission id="0000100DCL002894"/><Permission id="0000100DCL002895"/><Permission id="0000100DCL002896"/><Permission id="0000100DCL002897"/><Permission id="0000100DCL002898"/><Permission id="0000100DCL002899"/><Permission id="0000100DCL002900"/><Permission id="0000100DCL002901"/><Permission id="0000100DCL002902"/><Permission id="0000100DCL002903"/><Permission id="0000100DCL002904"/><Permission id="0000100DCL002905"/><Permission id="0000100DCL002906"/><Permission id="0000100DCL002907"/><Permission id="0000100DCL002908"/><Permission id="0000100DCL002909"/><Permission id="0000100DCL002910"/><Permission id="0000100DCL002911"/><Permission id="0000100DCL002912"/><Permission id="0000100DCL002913"/><Permission id="0000100DCL002914"/><Permission id="0000100DCL002915"/><Permission id="0000100DCL002916"/><Permission id="0000100DCL002917"/><Permission id="0000100DCL002918"/><Permission id="0000100DCL002919"/><Permission id="0000100DCL002920"/><Permission id="0000100DCL002921"/><Permission id="0000100DCL002922"/><Permission id="0000100DCL002923"/><Permission id="0000100DCL002924"/><Permission id="0000100DCL002925"/><Permission id="0000100DCL002926"/><Permission id="0000100DCL002927"/><Permission id="0000100DCL002928"/><Permission id="0000100DCL002929"/><Permission id="0000100DCL002930"/><Permission id="0000100DCL002931"/><Permission id="0000100DCL002932"/><Permission id="0000100DCL002933"/><Permission id="0000100DCL002934"/><Permission id="0000100DCL002935"/><Permission id="0000100DCL002936"/><Permission id="0000100DCL002937"/><Permission id="0000100DCL002938"/><Permission id="0000100DCL002939"/><Permission id="0000100DCL002940"/><Permission id="0000100DCL002941"/><Permission id="0000100DCL002942"/><Permission id="0000100DCL002943"/><Permission id="0000100DCL002944"/><Permission id="0000100DCL002945"/><Permission id="0000100DCL002946"/><Permission id="0000100DCL002947"/><Permission id="0000100DCL002948"/><Permission id="0000100DCL002949"/><Permission id="0000100DCL002950"/><Permission id="0000100DCL002951"/><Permission id="0000100DCL002952"/><Permission id="0000100DCL002953"/><Permission id="0000100DCL002954"/><Permission id="0000100DCL002955"/><Permission id="0000100DCL002956"/><Permission id="0000100DCL002957"/><Permission id="0000100DCL002958"/><Permission id="0000100DCL002959"/><Permission id="0000100DCL002960"/><Permission id="0000100DCL002961"/><Permission id="0000100DCL002962"/><Permission id="0000100DCL002963"/><Permission id="0000100DCL002964"/><Permission id="0000100DCL002965"/><Permission id="0000100DCL002966"/><Permission id="0000100DCL002967"/><Permission id="0000100DCL002968"/><Permission id="0000100DCL002969"/><Permission id="0000100DCL002970"/><Permission id="0000100DCL002971"/><Permission id="0000100DCL002972"/><Permission id="0000100DCL002973"/><Permission id="0000100DCL002974"/><Permission id="0000100DCL002975"/><Permission id="0000100DCL002976"/><Permission id="0000100DCL002977"/><Permission id="0000100DCL002978"/><Permission id="0000100DCL002979"/><Permission id="0000100DCL002980"/><Permission id="0000100DCL002981"/><Permission id="0000100DCL002982"/><Permission id="0000100DCL002983"/><Permission id="0000100DCL002984"/><Permission id="0000100DCL002985"/><Permission id="0000100DCL002986"/><Permission id="0000100DCL002987"/><Permission id="0000100DCL002988"/><Permission id="0000100DCL002989"/><Permission id="0000100DCL002990"/><Permission id="0000100DCL002991"/><Permission id="0000100DCL002992"/><Permission id="0000100DCL002993"/><Permission id="0000100DCL002994"/><Permission id="0000100DCL002995"/><Permission id="0000100DCL002996"/><Permission id="0000100DCL002997"/><Permission id="0000100DCL002998"/><Permission id="0000100DCL002500"/><Permission id="0000100DCL003000"/><Permission id="0000100DCL003001"/><Permission id="0000100DCL003002"/><Permission id="0000100DCL003003"/><Permission id="0000100DCL003004"/><Permission id="0000100DCL003005"/><Permission id="0000100DCL003006"/><Permission id="0000100DCL003007"/><Permission id="0000100DCL003008"/><Permission id="0000100DCL003009"/><Permission id="0000100DCL003010"/><Permission id="0000100DCL003011"/><Permission id="0000100DCL003012"/><Permission id="0000100DCL003013"/><Permission id="0000100DCL003014"/><Permission id="0000100DCL003015"/><Permission id="0000100DCL003016"/><Permission id="0000100DCL003017"/><Permission id="0000100DCL003018"/><Permission id="0000100DCL003019"/><Permission id="0000100DCL003020"/><Permission id="0000100DCL003021"/><Permission id="0000100DCL003022"/><Permission id="0000100DCL003023"/><Permission id="0000100DCL003024"/><Permission id="0000100DCL003025"/><Permission id="0000100DCL003026"/><Permission id="0000100DCL003027"/><Permission id="0000100DCL003028"/><Permission id="0000100DCL003029"/><Permission id="0000100DCL003030"/><Permission id="0000100DCL003031"/><Permission id="0000100DCL003032"/><Permission id="0000100DCL003033"/><Permission id="0000100DCL003034"/><Permission id="0000100DCL003035"/><Permission id="0000100DCL003036"/><Permission id="0000100DCL003037"/><Permission id="0000100DCL003038"/><Permission id="0000100DCL003039"/><Permission id="0000100DCL003040"/><Permission id="0000100DCL003041"/><Permission id="0000100DCL003042"/><Permission id="0000100DCL003043"/><Permission id="0000100DCL003044"/><Permission id="0000100DCL003045"/><Permission id="0000100DCL003046"/><Permission id="0000100DCL003047"/><Permission id="0000100DCL003048"/><Permission id="0000100DCL003049"/><Permission id="0000100DCL003050"/><Permission id="0000100DCL003051"/><Permission id="0000100DCL003052"/><Permission id="0000100DCL003053"/><Permission id="0000100DCL003054"/><Permission id="0000100DCL003055"/><Permission id="0000100DCL003056"/><Permission id="0000100DCL003057"/><Permission id="0000100DCL003058"/><Permission id="0000100DCL003059"/><Permission id="0000100DCL003060"/><Permission id="0000100DCL003061"/><Permission id="0000100DCL003062"/><Permission id="0000100DCL003063"/><Permission id="0000100DCL003064"/><Permission id="0000100DCL003065"/><Permission id="0000100DCL003066"/><Permission id="0000100DCL003067"/><Permission id="0000100DCL003068"/><Permission id="0000100DCL003069"/><Permission id="0000100DCL003070"/><Permission id="0000100DCL003071"/><Permission id="0000100DCL003072"/><Permission id="0000100DCL003073"/><Permission id="0000100DCL003074"/><Permission id="0000100DCL003075"/><Permission id="0000100DCL003076"/><Permission id="0000100DCL003077"/><Permission id="0000100DCL003078"/><Permission id="0000100DCL003079"/><Permission id="0000100DCL003080"/><Permission id="0000100DCL003081"/><Permission id="0000100DCL003082"/><Permission id="0000100DCL003083"/><Permission id="0000100DCL003084"/><Permission id="0000100DCL003085"/><Permission id="0000100DCL003086"/><Permission id="0000100DCL003087"/><Permission id="0000100DCL003088"/><Permission id="0000100DCL003089"/><Permission id="0000100DCL003090"/><Permission id="0000100DCL003091"/><Permission id="0000100DCL003092"/><Permission id="0000100DCL003093"/><Permission id="0000100DCL003094"/><Permission id="0000100DCL003095"/><Permission id="0000100DCL003096"/><Permission id="0000100DCL003097"/><Permission id="0000100DCL003098"/><Permission id="0000100DCL003099"/><Permission id="0000100DCL003100"/><Permission id="0000100DCL003101"/><Permission id="0000100DCL003102"/><Permission id="0000100DCL003103"/><Permission id="0000100DCL003104"/><Permission id="0000100DCL003105"/><Permission id="0000100DCL003106"/><Permission id="0000100DCL003107"/><Permission id="0000100DCL003108"/><Permission id="0000100DCL003109"/><Permission id="0000100DCL003110"/><Permission id="0000100DCL003111"/><Permission id="0000100DCL003112"/><Permission id="0000100DCL003113"/><Permission id="0000100DCL003114"/><Permission id="0000100DCL003115"/><Permission id="0000100DCL003116"/><Permission id="0000100DCL003117"/><Permission id="0000100DCL003118"/><Permission id="0000100DCL003119"/><Permission id="0000100DCL003120"/><Permission id="0000100DCL003121"/><Permission id="0000100DCL003122"/><Permission id="0000100DCL003123"/><Permission id="0000100DCL003124"/><Permission id="0000100DCL003125"/><Permission id="0000100DCL003126"/><Permission id="0000100DCL003127"/><Permission id="0000100DCL003128"/><Permission id="0000100DCL003129"/><Permission id="0000100DCL003130"/><Permission id="0000100DCL003131"/><Permission id="0000100DCL003132"/><Permission id="0000100DCL003133"/><Permission id="0000100DCL003134"/><Permission id="0000100DCL003135"/><Permission id="0000100DCL003136"/><Permission id="0000100DCL003137"/><Permission id="0000100DCL003138"/><Permission id="0000100DCL003139"/><Permission id="0000100DCL003140"/><Permission id="0000100DCL003141"/><Permission id="0000100DCL003142"/><Permission id="0000100DCL003143"/><Permission id="0000100DCL003144"/><Permission id="0000100DCL003145"/><Permission id="0000100DCL003146"/><Permission id="0000100DCL003147"/><Permission id="0000100DCL003148"/><Permission id="0000100DCL003149"/><Permission id="0000100DCL003150"/><Permission id="0000100DCL003151"/><Permission id="0000100DCL003152"/><Permission id="0000100DCL003153"/><Permission id="0000100DCL003154"/><Permission id="0000100DCL003155"/><Permission id="0000100DCL003156"/><Permission id="0000100DCL003157"/><Permission id="0000100DCL003158"/><Permission id="0000100DCL003159"/><Permission id="0000100DCL003160"/><Permission id="0000100DCL003161"/><Permission id="0000100DCL003162"/><Permission id="0000100DCL003163"/><Permission id="0000100DCL003164"/><Permission id="0000100DCL003165"/><Permission id="0000100DCL003166"/><Permission id="0000100DCL003167"/><Permission id="0000100DCL003168"/><Permission id="0000100DCL003169"/><Permission id="0000100DCL003170"/><Permission id="0000100DCL003171"/><Permission id="0000100DCL003172"/><Permission id="0000100DCL003173"/><Permission id="0000100DCL003174"/><Permission id="0000100DCL003175"/><Permission id="0000100DCL003176"/><Permission id="0000100DCL003177"/><Permission id="0000100DCL003178"/><Permission id="0000100DCL003179"/><Permission id="0000100DCL003180"/><Permission id="0000100DCL003181"/><Permission id="0000100DCL003182"/><Permission id="0000100DCL003183"/><Permission id="0000100DCL003184"/><Permission id="0000100DCL003185"/><Permission id="0000100DCL003186"/><Permission id="0000100DCL003187"/><Permission id="0000100DCL003188"/><Permission id="0000100DCL003189"/><Permission id="0000100DCL003190"/><Permission id="0000100DCL003191"/><Permission id="0000100DCL003192"/><Permission id="0000100DCL003193"/><Permission id="0000100DCL003194"/><Permission id="0000100DCL003195"/><Permission id="0000100DCL003196"/><Permission id="0000100DCL003197"/><Permission id="0000100DCL003198"/><Permission id="0000100DCL003199"/><Permission id="0000100DCL003200"/><Permission id="0000100DCL003201"/><Permission id="0000100DCL003202"/><Permission id="0000100DCL003203"/><Permission id="0000100DCL003204"/><Permission id="0000100DCL003205"/><Permission id="0000100DCL003206"/><Permission id="0000100DCL003207"/><Permission id="0000100DCL003208"/><Permission id="0000100DCL003209"/><Permission id="0000100DCL003210"/><Permission id="0000100DCL003211"/><Permission id="0000100DCL003212"/><Permission id="0000100DCL003213"/><Permission id="0000100DCL003214"/><Permission id="0000100DCL003215"/><Permission id="0000100DCL003216"/><Permission id="0000100DCL003217"/><Permission id="0000100DCL003218"/><Permission id="0000100DCL003219"/><Permission id="0000100DCL003220"/><Permission id="0000100DCL003221"/><Permission id="0000100DCL003222"/><Permission id="0000100DCL003223"/><Permission id="0000100DCL003224"/><Permission id="0000100DCL003225"/><Permission id="0000100DCL003226"/><Permission id="0000100DCL003227"/><Permission id="0000100DCL003228"/><Permission id="0000100DCL003229"/><Permission id="0000100DCL003230"/><Permission id="0000100DCL003231"/><Permission id="0000100DCL003232"/><Permission id="0000100DCL003233"/><Permission id="0000100DCL003234"/><Permission id="0000100DCL003235"/><Permission id="0000100DCL003236"/><Permission id="0000100DCL003237"/><Permission id="0000100DCL003238"/><Permission id="0000100DCL003239"/><Permission id="0000100DCL003240"/><Permission id="0000100DCL003241"/><Permission id="0000100DCL003242"/><Permission id="0000100DCL003243"/><Permission id="0000100DCL003244"/><Permission id="0000100DCL003245"/><Permission id="0000100DCL003246"/><Permission id="0000100DCL003247"/><Permission id="0000100DCL003248"/><Permission id="0000100DCL003249"/><Permission id="0000100DCL003250"/><Permission id="0000100DCL003251"/><Permission id="0000100DCL003252"/><Permission id="0000100DCL003253"/><Permission id="0000100DCL003254"/><Permission id="0000100DCL003255"/><Permission id="0000100DCL003256"/><Permission id="0000100DCL003257"/><Permission id="0000100DCL003258"/><Permission id="0000100DCL003259"/><Permission id="0000100DCL003260"/><Permission id="0000100DCL003261"/><Permission id="0000100DCL003262"/><Permission id="0000100DCL003263"/><Permission id="0000100DCL003264"/><Permission id="0000100DCL003265"/><Permission id="0000100DCL003266"/><Permission id="0000100DCL003267"/><Permission id="0000100DCL003268"/><Permission id="0000100DCL003269"/><Permission id="0000100DCL003270"/><Permission id="0000100DCL003271"/><Permission id="0000100DCL003272"/><Permission id="0000100DCL003273"/><Permission id="0000100DCL003274"/><Permission id="0000100DCL003275"/><Permission id="0000100DCL003276"/><Permission id="0000100DCL003277"/><Permission id="0000100DCL003278"/><Permission id="0000100DCL003279"/><Permission id="0000100DCL003280"/><Permission id="0000100DCL003281"/><Permission id="0000100DCL003282"/><Permission id="0000100DCL003283"/><Permission id="0000100DCL003284"/><Permission id="0000100DCL003285"/><Permission id="0000100DCL003286"/><Permission id="0000100DCL003287"/><Permission id="0000100DCL003288"/><Permission id="0000100DCL003289"/><Permission id="0000100DCL003290"/><Permission id="0000100DCL003291"/><Permission id="0000100DCL003292"/><Permission id="0000100DCL003293"/><Permission id="0000100DCL003294"/><Permission id="0000100DCL003295"/><Permission id="0000100DCL003296"/><Permission id="0000100DCL003297"/><Permission id="0000100DCL003298"/><Permission id="0000100DCL003299"/><Permission id="0000100DCL003300"/><Permission id="0000100DCL003301"/><Permission id="0000100DCL003302"/><Permission id="0000100DCL003303"/><Permission id="0000100DCL003304"/><Permission id="0000100DCL003305"/><Permission id="0000100DCL003306"/><Permission id="0000100DCL003307"/><Permission id="0000100DCL003308"/><Permission id="0000100DCL003309"/><Permission id="0000100DCL003310"/><Permission id="0000100DCL003311"/><Permission id="0000100DCL003312"/><Permission id="0000100DCL003313"/><Permission id="0000100DCL003314"/><Permission id="0000100DCL003315"/><Permission id="0000100DCL003316"/><Permission id="0000100DCL003317"/><Permission id="0000100DCL003318"/><Permission id="0000100DCL003319"/><Permission id="0000100DCL003320"/><Permission id="0000100DCL003321"/><Permission id="0000100DCL003322"/><Permission id="0000100DCL003323"/><Permission id="0000100DCL003324"/><Permission id="0000100DCL003325"/><Permission id="0000100DCL003326"/><Permission id="0000100DCL003327"/><Permission id="0000100DCL003328"/><Permission id="0000100DCL003329"/><Permission id="0000100DCL003330"/><Permission id="0000100DCL003331"/><Permission id="0000100DCL003332"/><Permission id="0000100DCL003333"/><Permission id="0000100DCL003334"/><Permission id="0000100DCL003335"/><Permission id="0000100DCL003336"/><Permission id="0000100DCL003337"/><Permission id="0000100DCL003338"/><Permission id="0000100DCL003339"/><Permission id="0000100DCL003340"/><Permission id="0000100DCL003341"/><Permission id="0000100DCL003342"/><Permission id="0000100DCL003343"/><Permission id="0000100DCL003344"/><Permission id="0000100DCL003345"/><Permission id="0000100DCL003346"/><Permission id="0000100DCL003347"/><Permission id="0000100DCL003348"/><Permission id="0000100DCL003349"/><Permission id="0000100DCL003350"/><Permission id="0000100DCL003351"/><Permission id="0000100DCL003352"/><Permission id="0000100DCL003353"/><Permission id="0000100DCL003354"/><Permission id="0000100DCL003355"/><Permission id="0000100DCL003356"/><Permission id="0000100DCL003357"/><Permission id="0000100DCL003358"/><Permission id="0000100DCL003359"/><Permission id="0000100DCL003360"/><Permission id="0000100DCL003361"/><Permission id="0000100DCL003362"/><Permission id="0000100DCL003363"/><Permission id="0000100DCL003364"/><Permission id="0000100DCL003365"/><Permission id="0000100DCL003366"/><Permission id="0000100DCL003367"/><Permission id="0000100DCL003368"/><Permission id="0000100DCL003369"/><Permission id="0000100DCL003370"/><Permission id="0000100DCL003371"/><Permission id="0000100DCL003372"/><Permission id="0000100DCL003373"/><Permission id="0000100DCL003374"/><Permission id="0000100DCL003375"/><Permission id="0000100DCL003376"/><Permission id="0000100DCL003377"/><Permission id="0000100DCL003378"/><Permission id="0000100DCL003379"/><Permission id="0000100DCL003380"/><Permission id="0000100DCL003381"/><Permission id="0000100DCL003382"/><Permission id="0000100DCL003383"/><Permission id="0000100DCL003384"/><Permission id="0000100DCL003385"/><Permission id="0000100DCL003386"/><Permission id="0000100DCL003387"/><Permission id="0000100DCL003388"/><Permission id="0000100DCL003389"/><Permission id="0000100DCL003390"/><Permission id="0000100DCL003391"/><Permission id="0000100DCL003392"/><Permission id="0000100DCL003393"/><Permission id="0000100DCL003394"/><Permission id="0000100DCL003395"/><Permission id="0000100DCL003396"/><Permission id="0000100DCL003397"/><Permission id="0000100DCL003398"/><Permission id="0000100DCL003399"/><Permission id="0000100DCL003400"/><Permission id="0000100DCL003401"/><Permission id="0000100DCL003402"/><Permission id="0000100DCL003403"/><Permission id="0000100DCL003404"/><Permission id="0000100DCL003405"/><Permission id="0000100DCL003406"/><Permission id="0000100DCL003407"/><Permission id="0000100DCL003408"/><Permission id="0000100DCL003409"/><Permission id="0000100DCL003410"/><Permission id="0000100DCL003411"/><Permission id="0000100DCL003412"/><Permission id="0000100DCL003413"/><Permission id="0000100DCL003414"/><Permission id="0000100DCL003415"/><Permission id="0000100DCL003416"/><Permission id="0000100DCL003417"/><Permission id="0000100DCL003418"/><Permission id="0000100DCL003419"/><Permission id="0000100DCL003420"/><Permission id="0000100DCL003421"/><Permission id="0000100DCL003422"/><Permission id="0000100DCL003423"/><Permission id="0000100DCL003424"/><Permission id="0000100DCL003425"/><Permission id="0000100DCL003426"/><Permission id="0000100DCL003427"/><Permission id="0000100DCL003428"/><Permission id="0000100DCL003429"/><Permission id="0000100DCL003430"/><Permission id="0000100DCL003431"/><Permission id="0000100DCL003432"/><Permission id="0000100DCL003433"/><Permission id="0000100DCL003434"/><Permission id="0000100DCL003435"/><Permission id="0000100DCL003436"/><Permission id="0000100DCL003437"/><Permission id="0000100DCL003438"/><Permission id="0000100DCL003439"/><Permission id="0000100DCL003440"/><Permission id="0000100DCL003441"/><Permission id="0000100DCL003442"/><Permission id="0000100DCL003443"/><Permission id="0000100DCL003444"/><Permission id="0000100DCL003445"/><Permission id="0000100DCL003446"/><Permission id="0000100DCL003447"/><Permission id="0000100DCL003448"/><Permission id="0000100DCL003449"/><Permission id="0000100DCL003450"/><Permission id="0000100DCL003451"/><Permission id="0000100DCL003452"/><Permission id="0000100DCL003453"/><Permission id="0000100DCL003454"/><Permission id="0000100DCL003455"/><Permission id="0000100DCL003456"/><Permission id="0000100DCL003457"/><Permission id="0000100DCL003458"/><Permission id="0000100DCL003459"/><Permission id="0000100DCL003460"/><Permission id="0000100DCL003461"/><Permission id="0000100DCL003462"/><Permission id="0000100DCL003463"/><Permission id="0000100DCL003464"/><Permission id="0000100DCL003465"/><Permission id="0000100DCL003466"/><Permission id="0000100DCL003467"/><Permission id="0000100DCL003468"/><Permission id="0000100DCL003469"/><Permission id="0000100DCL003470"/><Permission id="0000100DCL003471"/><Permission id="0000100DCL003472"/><Permission id="0000100DCL003473"/><Permission id="0000100DCL003474"/><Permission id="0000100DCL003475"/><Permission id="0000100DCL003476"/><Permission id="0000100DCL003477"/><Permission id="0000100DCL003478"/><Permission id="0000100DCL003479"/><Permission id="0000100DCL003480"/><Permission id="0000100DCL003481"/><Permission id="0000100DCL003482"/><Permission id="0000100DCL003483"/><Permission id="0000100DCL003484"/><Permission id="0000100DCL003485"/><Permission id="0000100DCL003486"/><Permission id="0000100DCL003487"/><Permission id="0000100DCL003488"/><Permission id="0000100DCL003489"/><Permission id="0000100DCL003490"/><Permission id="0000100DCL003491"/><Permission id="0000100DCL003492"/><Permission id="0000100DCL003493"/><Permission id="0000100DCL003494"/><Permission id="0000100DCL003495"/><Permission id="0000100DCL003496"/><Permission id="0000100DCL003497"/><Permission id="0000100DCL003498"/><Permission id="0000100DCL003499"/><Permission id="0000100DCL003500"/><Permission id="0000100DCL003501"/><Permission id="0000100DCL003502"/><Permission id="0000100DCL003503"/><Permission id="0000100DCL003504"/><Permission id="0000100DCL003505"/><Permission id="0000100DCL003506"/><Permission id="0000100DCL003507"/><Permission id="0000100DCL003508"/><Permission id="0000100DCL003509"/><Permission id="0000100DCL003510"/><Permission id="0000100DCL003511"/><Permission id="0000100DCL003512"/><Permission id="0000100DCL003513"/><Permission id="0000100DCL003514"/><Permission id="0000100DCL003515"/><Permission id="0000100DCL003516"/><Permission id="0000100DCL003517"/><Permission id="0000100DCL003518"/><Permission id="0000100DCL003519"/><Permission id="0000100DCL003520"/><Permission id="0000100DCL003521"/><Permission id="0000100DCL003522"/><Permission id="0000100DCL003523"/><Permission id="0000100DCL003524"/><Permission id="0000100DCL003525"/><Permission id="0000100DCL003526"/><Permission id="0000100DCL003527"/><Permission id="0000100DCL003528"/><Permission id="0000100DCL003529"/><Permission id="0000100DCL003530"/><Permission id="0000100DCL003531"/><Permission id="0000100DCL003532"/><Permission id="0000100DCL003533"/><Permission id="0000100DCL003534"/><Permission id="0000100DCL003535"/><Permission id="0000100DCL003536"/><Permission id="0000100DCL003537"/><Permission id="0000100DCL003538"/><Permission id="0000100DCL003539"/><Permission id="0000100DCL003540"/><Permission id="0000100DCL003541"/><Permission id="0000100DCL003542"/><Permission id="0000100DCL003543"/><Permission id="0000100DCL003544"/><Permission id="0000100DCL003545"/><Permission id="0000100DCL003546"/><Permission id="0000100DCL003547"/><Permission id="0000100DCL003548"/><Permission id="0000100DCL003549"/><Permission id="0000100DCL003550"/><Permission id="0000100DCL003551"/><Permission id="0000100DCL003552"/><Permission id="0000100DCL003553"/><Permission id="0000100DCL003554"/><Permission id="0000100DCL003555"/><Permission id="0000100DCL003556"/><Permission id="0000100DCL003557"/><Permission id="0000100DCL003558"/><Permission id="0000100DCL003559"/><Permission id="0000100DCL003560"/><Permission id="0000100DCL003561"/><Permission id="0000100DCL003562"/><Permission id="0000100DCL003563"/><Permission id="0000100DCL003564"/><Permission id="0000100DCL003565"/><Permission id="0000100DCL003566"/><Permission id="0000100DCL003567"/><Permission id="0000100DCL003568"/><Permission id="0000100DCL003569"/><Permission id="0000100DCL003570"/><Permission id="0000100DCL003571"/><Permission id="0000100DCL003572"/><Permission id="0000100DCL003573"/><Permission id="0000100DCL003574"/><Permission id="0000100DCL003575"/><Permission id="0000100DCL003576"/><Permission id="0000100DCL003577"/><Permission id="0000100DCL003578"/><Permission id="0000100DCL003579"/><Permission id="0000100DCL003580"/><Permission id="0000100DCL003581"/><Permission id="0000100DCL003582"/><Permission id="0000100DCL003583"/><Permission id="0000100DCL003584"/><Permission id="0000100DCL003585"/><Permission id="0000100DCL003586"/><Permission id="0000100DCL003587"/><Permission id="0000100DCL003588"/><Permission id="0000100DCL003589"/><Permission id="0000100DCL003590"/><Permission id="0000100DCL003591"/><Permission id="0000100DCL003592"/><Permission id="0000100DCL003593"/><Permission id="0000100DCL003594"/><Permission id="0000100DCL003595"/><Permission id="0000100DCL003596"/><Permission id="0000100DCL003597"/><Permission id="0000100DCL003598"/><Permission id="0000100DCL003599"/><Permission id="0000100DCL003600"/><Permission id="0000100DCL003601"/><Permission id="0000100DCL003602"/><Permission id="0000100DCL003603"/><Permission id="0000100DCL003604"/><Permission id="0000100DCL003605"/><Permission id="0000100DCL003606"/><Permission id="0000100DCL003607"/><Permission id="0000100DCL003608"/><Permission id="0000100DCL003609"/><Permission id="0000100DCL003610"/><Permission id="0000100DCL003611"/><Permission id="0000100DCL003612"/><Permission id="0000100DCL003613"/><Permission id="0000100DCL003614"/><Permission id="0000100DCL003615"/><Permission id="0000100DCL003616"/><Permission id="0000100DCL003617"/><Permission id="0000100DCL003618"/><Permission id="0000100DCL003619"/><Permission id="0000100DCL003620"/><Permission id="0000100DCL003621"/><Permission id="0000100DCL003622"/><Permission id="0000100DCL003623"/><Permission id="0000100DCL003624"/><Permission id="0000100DCL003625"/><Permission id="0000100DCL003626"/><Permission id="0000100DCL003627"/><Permission id="0000100DCL003628"/><Permission id="0000100DCL003629"/><Permission id="0000100DCL003630"/><Permission id="0000100DCL003631"/><Permission id="0000100DCL003632"/><Permission id="0000100DCL003633"/><Permission id="0000100DCL003634"/><Permission id="0000100DCL003635"/><Permission id="0000100DCL003636"/><Permission id="0000100DCL003637"/><Permission id="0000100DCL003638"/><Permission id="0000100DCL003639"/><Permission id="0000100DCL003640"/><Permission id="0000100DCL003641"/><Permission id="0000100DCL003642"/><Permission id="0000100DCL003643"/><Permission id="0000100DCL003644"/><Permission id="0000100DCL003645"/><Permission id="0000100DCL003646"/><Permission id="0000100DCL003647"/><Permission id="0000100DCL003648"/><Permission id="0000100DCL003649"/><Permission id="0000100DCL003650"/><Permission id="0000100DCL003651"/><Permission id="0000100DCL003652"/><Permission id="0000100DCL003653"/><Permission id="0000100DCL003654"/><Permission id="0000100DCL003655"/><Permission id="0000100DCL003656"/><Permission id="0000100DCL003657"/><Permission id="0000100DCL003658"/><Permission id="0000100DCL003659"/><Permission id="0000100DCL003660"/><Permission id="0000100DCL003661"/><Permission id="0000100DCL003662"/><Permission id="0000100DCL003663"/><Permission id="0000100DCL003664"/><Permission id="0000100DCL003665"/><Permission id="0000100DCL003666"/><Permission id="0000100DCL003667"/><Permission id="0000100DCL003668"/><Permission id="0000100DCL003669"/><Permission id="0000100DCL003670"/><Permission id="0000100DCL003671"/><Permission id="0000100DCL003672"/><Permission id="0000100DCL003673"/><Permission id="0000100DCL003674"/><Permission id="0000100DCL003675"/><Permission id="0000100DCL003676"/><Permission id="0000100DCL003677"/><Permission id="0000100DCL003678"/><Permission id="0000100DCL003679"/><Permission id="0000100DCL003680"/><Permission id="0000100DCL003681"/><Permission id="0000100DCL003682"/><Permission id="0000100DCL003683"/><Permission id="0000100DCL003684"/><Permission id="0000100DCL003685"/><Permission id="0000100DCL003686"/><Permission id="0000100DCL003687"/><Permission id="0000100DCL003688"/><Permission id="0000100DCL003689"/><Permission id="0000100DCL003690"/><Permission id="0000100DCL003691"/><Permission id="0000100DCL003692"/><Permission id="0000100DCL003693"/><Permission id="0000100DCL003694"/><Permission id="0000100DCL003695"/><Permission id="0000100DCL003696"/><Permission id="0000100DCL003697"/><Permission id="0000100DCL003698"/><Permission id="0000100DCL003699"/><Permission id="0000100DCL003700"/><Permission id="0000100DCL003701"/><Permission id="0000100DCL003702"/><Permission id="0000100DCL003703"/><Permission id="0000100DCL003704"/><Permission id="0000100DCL003705"/><Permission id="0000100DCL003706"/><Permission id="0000100DCL003707"/><Permission id="0000100DCL003708"/><Permission id="0000100DCL003709"/><Permission id="0000100DCL003710"/><Permission id="0000100DCL003711"/><Permission id="0000100DCL003712"/><Permission id="0000100DCL003713"/><Permission id="0000100DCL003714"/><Permission id="0000100DCL003715"/><Permission id="0000100DCL003716"/><Permission id="0000100DCL003717"/><Permission id="0000100DCL003718"/><Permission id="0000100DCL003719"/><Permission id="0000100DCL003720"/><Permission id="0000100DCL003721"/><Permission id="0000100DCL003722"/><Permission id="0000100DCL003723"/><Permission id="0000100DCL003724"/><Permission id="0000100DCL003725"/><Permission id="0000100DCL003726"/><Permission id="0000100DCL003727"/><Permission id="0000100DCL003728"/><Permission id="0000100DCL003729"/><Permission id="0000100DCL003730"/><Permission id="0000100DCL003731"/><Permission id="0000100DCL003732"/><Permission id="0000100DCL003733"/><Permission id="0000100DCL003734"/><Permission id="0000100DCL003735"/><Permission id="0000100DCL003736"/><Permission id="0000100DCL003737"/><Permission id="0000100DCL003738"/><Permission id="0000100DCL003739"/><Permission id="0000100DCL003740"/><Permission id="0000100DCL003741"/><Permission id="0000100DCL003742"/><Permission id="0000100DCL003743"/><Permission id="0000100DCL003744"/><Permission id="0000100DCL003745"/><Permission id="0000100DCL003746"/><Permission id="0000100DCL003747"/><Permission id="0000100DCL003748"/><Permission id="0000100DCL003749"/><Permission id="0000100DCL003750"/><Permission id="0000100DCL003751"/><Permission id="0000100DCL003752"/><Permission id="0000100DCL003753"/><Permission id="0000100DCL003754"/><Permission id="0000100DCL003755"/><Permission id="0000100DCL003756"/><Permission id="0000100DCL003757"/><Permission id="0000100DCL003758"/><Permission id="0000100DCL003759"/><Permission id="0000100DCL003760"/><Permission id="0000100DCL003761"/><Permission id="0000100DCL003762"/><Permission id="0000100DCL003763"/><Permission id="0000100DCL003764"/><Permission id="0000100DCL003765"/><Permission id="0000100DCL003766"/><Permission id="0000100DCL003767"/><Permission id="0000100DCL003768"/><Permission id="0000100DCL003769"/><Permission id="0000100DCL003770"/><Permission id="0000100DCL003771"/><Permission id="0000100DCL003772"/><Permission id="0000100DCL003773"/><Permission id="0000100DCL003774"/><Permission id="0000100DCL003775"/><Permission id="0000100DCL003776"/><Permission id="0000100DCL003777"/><Permission id="0000100DCL003778"/><Permission id="0000100DCL003779"/><Permission id="0000100DCL003780"/><Permission id="0000100DCL003781"/><Permission id="0000100DCL003782"/><Permission id="0000100DCL003783"/><Permission id="0000100DCL003784"/><Permission id="0000100DCL003785"/><Permission id="0000100DCL003786"/><Permission id="0000100DCL003787"/><Permission id="0000100DCL003788"/><Permission id="0000100DCL003789"/><Permission id="0000100DCL003790"/><Permission id="0000100DCL003791"/><Permission id="0000100DCL003792"/><Permission id="0000100DCL003793"/><Permission id="0000100DCL003794"/><Permission id="0000100DCL003795"/><Permission id="0000100DCL003796"/><Permission id="0000100DCL003797"/><Permission id="0000100DCL003798"/><Permission id="0000100DCL003799"/><Permission id="0000100DCL003800"/><Permission id="0000100DCL003801"/><Permission id="0000100DCL003802"/><Permission id="0000100DCL003803"/><Permission id="0000100DCL003804"/><Permission id="0000100DCL003805"/><Permission id="0000100DCL003806"/><Permission id="0000100DCL003807"/><Permission id="0000100DCL003808"/><Permission id="0000100DCL003809"/><Permission id="0000100DCL003810"/><Permission id="0000100DCL003811"/><Permission id="0000100DCL003812"/><Permission id="0000100DCL003813"/><Permission id="0000100DCL003814"/><Permission id="0000100DCL003815"/><Permission id="0000100DCL003816"/><Permission id="0000100DCL003817"/><Permission id="0000100DCL003818"/><Permission id="0000100DCL003819"/><Permission id="0000100DCL003820"/><Permission id="0000100DCL003821"/><Permission id="0000100DCL003822"/><Permission id="0000100DCL003823"/><Permission id="0000100DCL003824"/><Permission id="0000100DCL003825"/><Permission id="0000100DCL003826"/><Permission id="0000100DCL003827"/><Permission id="0000100DCL003828"/><Permission id="0000100DCL003829"/><Permission id="0000100DCL003830"/><Permission id="0000100DCL003831"/><Permission id="0000100DCL003832"/><Permission id="0000100DCL003833"/><Permission id="0000100DCL003834"/><Permission id="0000100DCL003835"/><Permission id="0000100DCL003836"/><Permission id="0000100DCL003837"/><Permission id="0000100DCL003838"/><Permission id="0000100DCL003839"/><Permission id="0000100DCL003840"/><Permission id="0000100DCL003841"/><Permission id="0000100DCL003842"/><Permission id="0000100DCL003843"/><Permission id="0000100DCL003844"/><Permission id="0000100DCL003845"/><Permission id="0000100DCL003846"/><Permission id="0000100DCL003847"/><Permission id="0000100DCL003848"/><Permission id="0000100DCL003849"/><Permission id="0000100DCL003850"/><Permission id="0000100DCL003851"/><Permission id="0000100DCL003852"/><Permission id="0000100DCL003853"/><Permission id="0000100DCL003854"/><Permission id="0000100DCL003855"/><Permission id="0000100DCL003856"/><Permission id="0000100DCL003857"/><Permission id="0000100DCL003858"/><Permission id="0000100DCL003859"/><Permission id="0000100DCL003860"/><Permission id="0000100DCL003861"/><Permission id="0000100DCL003862"/><Permission id="0000100DCL003863"/><Permission id="0000100DCL003864"/><Permission id="0000100DCL003865"/><Permission id="0000100DCL003866"/><Permission id="0000100DCL003867"/><Permission id="0000100DCL003868"/><Permission id="0000100DCL003869"/><Permission id="0000100DCL003870"/><Permission id="0000100DCL003871"/><Permission id="0000100DCL003872"/><Permission id="0000100DCL003873"/><Permission id="0000100DCL003874"/><Permission id="0000100DCL003875"/><Permission id="0000100DCL003876"/><Permission id="0000100DCL003877"/><Permission id="0000100DCL003878"/><Permission id="0000100DCL003879"/><Permission id="0000100DCL003880"/><Permission id="0000100DCL003881"/><Permission id="0000100DCL003882"/><Permission id="0000100DCL003883"/><Permission id="0000100DCL003884"/><Permission id="0000100DCL003885"/><Permission id="0000100DCL003886"/><Permission id="0000100DCL003887"/><Permission id="0000100DCL003888"/><Permission id="0000100DCL003889"/><Permission id="0000100DCL003890"/><Permission id="0000100DCL003891"/><Permission id="0000100DCL003892"/><Permission id="0000100DCL003893"/><Permission id="0000100DCL003894"/><Permission id="0000100DCL003895"/><Permission id="0000100DCL003896"/><Permission id="0000100DCL003897"/><Permission id="0000100DCL003898"/><Permission id="0000100DCL003899"/><Permission id="0000100DCL003900"/><Permission id="0000100DCL003901"/><Permission id="0000100DCL003902"/><Permission id="0000100DCL003903"/><Permission id="0000100DCL003904"/><Permission id="0000100DCL003905"/><Permission id="0000100DCL003906"/><Permission id="0000100DCL003907"/><Permission id="0000100DCL003908"/><Permission id="0000100DCL003909"/><Permission id="0000100DCL003910"/><Permission id="0000100DCL003911"/><Permission id="0000100DCL003912"/><Permission id="0000100DCL003913"/><Permission id="0000100DCL003914"/><Permission id="0000100DCL003915"/><Permission id="0000100DCL003916"/><Permission id="0000100DCL003917"/><Permission id="0000100DCL003918"/><Permission id="0000100DCL003919"/><Permission id="0000100DCL003920"/><Permission id="0000100DCL003921"/><Permission id="0000100DCL003922"/><Permission id="0000100DCL003923"/><Permission id="0000100DCL003924"/><Permission id="0000100DCL003925"/><Permission id="0000100DCL003926"/><Permission id="0000100DCL003927"/><Permission id="0000100DCL003928"/><Permission id="0000100DCL003929"/><Permission id="0000100DCL003930"/><Permission id="0000100DCL003931"/><Permission id="0000100DCL003932"/><Permission id="0000100DCL003933"/><Permission id="0000100DCL003934"/><Permission id="0000100DCL003935"/><Permission id="0000100DCL003936"/><Permission id="0000100DCL003937"/><Permission id="0000100DCL003938"/><Permission id="0000100DCL003939"/><Permission id="0000100DCL003940"/><Permission id="0000100DCL003941"/><Permission id="0000100DCL003942"/><Permission id="0000100DCL003943"/><Permission id="0000100DCL003944"/><Permission id="0000100DCL003945"/><Permission id="0000100DCL003946"/><Permission id="0000100DCL003947"/><Permission id="0000100DCL003948"/><Permission id="0000100DCL003949"/><Permission id="0000100DCL003950"/><Permission id="0000100DCL003951"/><Permission id="0000100DCL003952"/><Permission id="0000100DCL003953"/><Permission id="0000100DCL003954"/><Permission id="0000100DCL003955"/><Permission id="0000100DCL003956"/><Permission id="0000100DCL003957"/><Permission id="0000100DCL003958"/><Permission id="0000100DCL003959"/><Permission id="0000100DCL003960"/><Permission id="0000100DCL003961"/><Permission id="0000100DCL003962"/><Permission id="0000100DCL003963"/><Permission id="0000100DCL003964"/><Permission id="0000100DCL003965"/><Permission id="0000100DCL003966"/><Permission id="0000100DCL003967"/><Permission id="0000100DCL003968"/><Permission id="0000100DCL003969"/><Permission id="0000100DCL003970"/><Permission id="0000100DCL003971"/><Permission id="0000100DCL003972"/><Permission id="0000100DCL003973"/><Permission id="0000100DCL003974"/><Permission id="0000100DCL003975"/><Permission id="0000100DCL003976"/><Permission id="0000100DCL003977"/><Permission id="0000100DCL003978"/><Permission id="0000100DCL003979"/><Permission id="0000100DCL003980"/><Permission id="0000100DCL003981"/><Permission id="0000100DCL003982"/><Permission id="0000100DCL003983"/><Permission id="0000100DCL003984"/><Permission id="0000100DCL003985"/><Permission id="0000100DCL003986"/><Permission id="0000100DCL003987"/><Permission id="0000100DCL003988"/><Permission id="0000100DCL003989"/><Permission id="0000100DCL003990"/><Permission id="0000100DCL003991"/><Permission id="0000100DCL003992"/><Permission id="0000100DCL003993"/><Permission id="0000100DCL003994"/><Permission id="0000100DCL003995"/><Permission id="0000100DCL003996"/><Permission id="0000100DCL003997"/><Permission id="0000100DCL003998"/><Permission id="0000100DCL003500"/><Permission id="0000100DCL004000"/>

</GiftSetting>
